Age_at_enrollment,Previous_qualification_grade,Admission_grade,Displaced,Educational_special_needs,Debtor,Tuition_fees_up_to_date,Gender,Scholarship_holder,Curricular_units_1st_sem_grade,Curricular_units_2nd_sem_grade,Curricular_units_1st_sem_approved,Curricular_units_2nd_sem_approved,Actual,Predicted
21,127.0,126.3,1,0,1,1,1,0,0.0,0.0,0,0,0,0
19,121.0,123.8,0,0,0,1,0,1,12.4,11.0,5,3,1,2
32,133.1,116.3,0,0,0,0,1,0,0.0,0.0,0,0,0,0
37,138.0,127.0,0,0,0,0,0,0,0.0,0.0,0,0,0,0
21,122.0,116.8,1,0,0,1,0,0,11.5,12.8,4,5,2,2
18,142.0,141.0,1,0,0,1,1,0,13.0,10.0,6,1,1,1
44,133.1,121.0,0,0,1,0,0,0,12.0,12.0,4,4,0,0
37,130.0,130.0,0,0,0,1,1,0,11.733333333333333,11.88888888888889,15,9,2,2
28,140.0,140.0,0,0,0,1,0,0,0.0,0.0,0,0,0,0
19,134.0,129.1,0,0,0,1,0,0,12.0,13.5,3,4,1,2
24,140.0,106.0,1,0,1,0,0,1,12.36,12.0,5,5,0,0
26,133.1,102.5,0,0,0,0,1,0,0.0,0.0,0,0,0,0
27,125.0,100.0,0,0,0,1,1,0,12.22222222222222,12.384615384615383,18,12,2,2
29,132.0,119.1,1,0,1,1,0,0,13.0,0.0,1,0,0,0
20,130.0,129.0,0,0,0,1,0,0,11.75,10.5,4,2,1,0
18,144.0,130.7,1,0,0,1,0,1,14.85,15.61111111111111,7,8,2,2
18,148.0,134.7,1,0,0,1,0,0,17.0,15.5,6,6,2,2
18,150.0,139.4,0,0,0,1,0,0,12.0,13.0,3,4,1,2
19,144.0,125.8,0,0,0,1,0,1,12.471428571428572,12.471428571428572,7,7,2,2
18,125.0,120.1,0,0,0,1,0,1,12.5,13.333333333333334,6,6,2,2
18,160.0,139.7,0,0,0,1,1,0,0.0,0.0,0,0,0,0
20,130.0,130.0,1,0,0,1,0,0,11.25,10.0,4,3,1,1
52,140.0,118.2,0,0,0,1,1,0,11.2,12.8,5,5,2,2
20,123.0,121.3,1,0,0,1,0,0,11.166666666666666,11.5,6,6,1,2
23,145.0,130.0,1,0,0,1,0,0,0.0,0.0,0,0,0,0
21,108.0,105.9,1,0,0,1,1,0,10.75,11.4,4,5,2,2
20,140.0,132.3,1,0,0,1,0,0,10.0,11.0,1,1,0,1
21,150.0,153.8,1,0,0,1,0,0,14.5,14.0,10,8,2,2
44,120.0,116.0,0,0,0,1,0,0,13.0,13.833333333333334,6,6,2,2
18,137.0,130.4,1,0,1,1,1,0,12.0,10.666666666666666,1,3,0,1
18,141.0,141.4,1,0,0,1,0,1,0.0,0.0,0,0,2,2
18,148.0,133.8,0,0,0,1,0,0,13.485714285714284,13.485714285714284,7,7,2,2
28,133.1,105.3,0,0,1,1,0,0,10.5,0.0,2,0,0,0
20,119.0,113.8,1,0,0,1,0,0,11.333333333333334,12.2,3,5,2,1
18,138.0,131.7,1,0,0,1,1,0,12.833333333333334,13.285714285714286,6,6,2,2
18,164.0,163.0,0,0,0,1,0,0,0.0,0.0,0,0,0,2
27,130.0,130.0,0,0,0,1,1,0,13.166666666666666,15.142857142857142,6,5,0,2
28,133.1,123.0,0,0,1,0,0,1,10.833333333333334,11.0,6,5,0,0
19,121.0,120.3,1,0,1,1,1,1,13.666666666666666,13.333333333333334,6,6,2,2
19,130.0,121.6,0,0,0,1,0,0,14.714285714285714,15.833333333333334,6,6,2,2
21,141.0,100.0,0,0,0,1,0,0,11.5,11.4,4,5,2,2
18,123.0,117.8,1,0,0,1,0,0,13.833333333333334,14.555555555555555,6,6,2,2
30,130.0,123.4,1,0,0,1,1,0,10.0,11.333333333333334,2,3,0,1
26,151.0,151.0,0,0,1,1,0,0,0.0,0.0,0,0,0,0
23,127.0,127.0,1,0,0,1,1,0,10.5,11.7,6,10,2,1
21,128.0,118.6,1,0,0,1,0,1,13.2,11.8,5,5,1,2
21,140.0,140.0,0,0,0,1,1,0,12.333333333333334,13.428571428571429,6,6,2,2
20,108.0,107.3,0,0,0,1,0,0,0.0,0.0,0,0,0,0
18,150.0,143.4,0,0,0,0,1,1,14.2,14.2,5,5,1,1
23,140.0,127.6,1,0,0,1,0,0,13.796666666666669,13.775,6,7,2,2
19,132.0,124.3,1,0,1,1,0,1,11.833333333333334,12.285714285714286,6,6,2,2
18,125.0,120.5,1,0,0,1,1,0,14.0,14.666666666666666,6,6,2,2
25,130.0,129.0,1,0,0,1,0,0,13.5,12.5,6,6,2,2
19,140.0,136.9,1,0,0,1,0,1,13.5,14.428571428571429,6,6,2,2
22,131.0,131.0,0,0,0,1,1,0,13.666666666666666,11.333333333333334,3,3,0,1
19,130.0,122.1,1,0,0,1,0,1,11.678571428571429,13.0375,7,7,2,2
18,128.0,116.5,0,0,0,1,0,1,10.8,10.5,5,6,2,2
18,148.0,141.7,0,0,0,0,1,0,11.6,13.0,5,4,0,1
21,133.1,128.0,0,0,0,1,0,1,11.5,12.333333333333334,6,6,2,2
18,117.0,114.6,0,0,0,1,0,1,12.142857142857142,13.333333333333334,6,6,2,2
19,132.0,120.5,0,0,0,1,1,0,12.5,13.25,4,4,1,2
23,140.0,144.9,1,0,1,0,0,0,13.166666666666666,13.333333333333334,11,8,1,0
20,131.0,137.0,0,0,0,1,0,1,11.166666666666666,10.6,6,5,2,1
18,137.0,127.6,1,0,0,1,0,0,13.528571428571428,14.655555555555557,7,8,2,2
28,130.0,130.0,0,0,0,0,0,0,12.0,0.0,1,0,0,0
20,133.1,111.5,0,0,0,0,0,1,12.0,10.0,4,3,0,0
18,125.0,115.9,0,0,0,1,0,0,13.557142857142855,13.2,7,8,2,2
20,140.0,140.0,0,0,1,1,1,0,0.0,0.0,0,0,2,0
18,111.0,111.0,1,0,0,1,1,0,11.6,14.2,4,3,0,0
18,147.0,142.0,1,0,0,1,0,0,14.65,14.65,6,6,2,2
19,137.0,129.3,1,0,0,1,0,0,12.071428571428571,12.071428571428571,7,7,2,2
22,134.0,134.0,1,0,0,1,0,0,14.2,12.2,5,5,2,2
18,143.0,146.2,1,0,0,1,1,0,13.2,11.8,5,5,2,2
37,140.0,148.0,0,0,0,1,0,0,13.727272727272728,14.75,11,8,2,2
21,126.0,118.7,1,0,0,1,0,1,13.571428571428571,12.5,6,6,2,2
20,111.0,105.4,0,0,0,1,0,0,13.333333333333334,13.2,5,5,2,2
20,149.0,158.1,1,0,0,1,1,1,0.0,0.0,0,0,2,2
25,150.0,150.0,0,0,0,1,1,0,12.428571428571429,10.857142857142858,14,6,0,2
25,115.0,134.3,1,0,0,1,1,0,11.61111111111111,12.055555555555555,17,17,2,2
18,126.0,119.0,0,0,0,1,0,1,12.166666666666666,12.142857142857142,6,6,2,2
60,150.0,140.0,0,0,0,1,1,0,14.11111111111111,14.23076923076923,18,13,2,2
19,126.0,115.2,0,0,0,1,1,0,12.6,11.8,5,5,2,2
20,124.0,126.8,1,0,0,1,0,0,12.333333333333334,12.2,5,5,2,2
39,133.1,100.7,0,0,0,1,0,0,13.0,13.0,2,3,1,0
31,120.0,120.0,1,0,0,1,0,0,13.818181818181818,13.461538461538462,11,12,2,2
28,120.0,118.0,0,0,0,1,0,0,12.857142857142858,12.6,6,5,2,2
35,120.0,128.2,0,0,0,1,1,0,0.0,10.0,0,1,0,0
19,143.0,136.7,0,0,0,1,0,0,12.67,13.55,7,8,2,2
18,146.0,140.0,1,0,0,1,0,0,14.828571428571427,14.828571428571427,7,7,2,2
20,126.0,110.0,0,0,1,1,0,0,13.333333333333334,12.666666666666666,6,6,2,2
18,140.0,124.1,0,0,0,1,0,0,14.5,13.6,5,5,2,2
19,154.0,134.8,1,0,0,1,0,0,13.533333333333331,13.533333333333331,6,6,2,2
45,100.0,111.5,0,0,0,1,1,0,11.5,11.0,4,4,0,0
38,133.1,130.0,0,0,0,1,1,0,0.0,0.0,0,0,0,0
20,152.0,144.7,0,0,0,1,0,0,14.5,15.428571428571429,6,6,2,2
42,133.1,136.1,0,0,0,1,1,1,10.0,11.0,1,1,0,0
22,130.0,130.0,1,0,0,0,1,1,12.545454545454543,12.666666666666666,11,11,2,2
18,131.0,128.2,1,0,0,1,1,0,14.0,13.666666666666666,6,6,2,2
33,100.0,130.0,0,0,0,1,1,1,10.0,10.0,1,1,1,0
18,145.0,146.8,0,0,0,1,0,0,13.166666666666666,13.333333333333334,6,6,2,2
27,170.0,150.8,1,0,0,1,0,0,11.0,11.0,2,1,0,0
35,110.0,119.0,0,0,0,1,1,1,10.5,12.6,4,5,2,2
33,140.0,107.8,0,0,0,1,0,0,10.375,10.444444444444445,8,9,1,1
32,120.0,133.2,1,0,0,1,1,0,0.0,0.0,0,0,0,0
19,136.0,133.2,1,0,0,1,0,0,11.0,11.4,5,5,2,2
18,160.0,155.5,1,0,0,1,0,0,14.0,15.0,6,6,2,2
18,142.0,132.9,1,0,0,1,1,0,14.2,12.4,5,6,0,2
27,140.0,130.0,0,0,0,1,1,0,14.166666666666666,13.833333333333334,6,6,2,2
19,137.0,138.4,0,0,0,1,1,0,15.125,13.428571428571429,6,6,2,2
23,140.0,143.3,1,0,0,0,0,0,13.666666666666666,13.5,9,6,1,2
20,123.0,115.3,1,0,0,1,0,0,13.5,14.0,6,6,1,2
29,120.0,120.0,1,0,0,1,0,0,12.25,12.25,6,6,0,2
19,124.0,116.0,0,0,0,1,1,0,15.5,14.1,6,6,2,2
21,123.0,132.1,0,0,0,1,0,1,11.0,12.0,5,5,2,2
21,142.0,134.3,0,1,0,1,1,0,0.0,0.0,0,0,0,0
20,121.0,111.9,1,0,0,1,1,1,11.333333333333334,10.571428571428571,6,4,1,2
19,138.0,123.0,1,0,0,1,0,0,10.8,11.333333333333334,5,5,2,2
19,135.0,132.6,1,0,0,1,0,1,13.6,14.6,5,5,2,2
18,139.0,152.0,0,0,0,1,0,1,14.6,12.0,5,5,2,2
25,133.1,134.3,0,0,0,1,1,0,11.0,11.75,1,4,0,0
20,137.0,121.3,1,0,0,1,0,0,12.6,12.6,6,6,2,2
18,133.0,120.1,1,0,0,1,0,0,12.75,11.75,4,4,2,2
19,130.0,121.3,1,0,0,1,0,0,14.166666666666666,12.2,6,6,2,2
40,110.0,100.0,0,0,0,1,1,0,16.0,15.5,1,4,2,0
21,102.0,101.7,1,0,0,1,1,1,13.5,12.333333333333334,6,6,2,2
22,108.0,110.5,1,0,0,1,0,1,12.166666666666666,12.5,6,6,2,2
26,130.0,121.5,0,0,0,0,1,0,10.5,0.0,2,0,0,0
19,134.0,131.2,0,0,0,1,0,0,11.0,11.2,1,5,1,1
19,130.0,130.4,1,0,0,1,0,1,13.894285714285711,14.3625,7,8,2,2
30,130.0,103.4,0,0,0,1,0,0,11.75,11.142857142857142,7,7,0,2
18,162.0,147.5,1,0,0,1,0,1,14.14125,14.14125,8,8,2,2
19,120.0,113.7,1,0,1,0,0,0,12.2,0.0,5,0,0,0
19,135.0,126.6,0,0,0,1,0,1,12.901428571428571,13.094444444444443,7,8,2,2
18,123.0,113.8,1,0,0,1,0,0,11.155555555555557,11.425,7,8,2,2
34,130.0,131.4,0,0,0,1,1,0,12.4,13.428571428571429,5,5,2,2
18,116.0,116.4,1,0,0,1,0,0,13.166666666666666,13.166666666666666,6,6,2,2
22,160.0,160.0,0,0,0,1,1,1,13.125,13.0,6,6,2,2
21,130.0,123.4,1,0,0,1,0,0,11.75,13.333333333333334,4,3,2,1
30,130.0,160.0,0,0,0,1,0,0,14.6,15.4,5,5,0,2
22,115.0,109.1,1,0,1,0,0,1,0.0,0.0,0,0,0,0
22,142.0,137.3,1,0,0,1,0,1,13.9,13.9,6,6,2,2
20,147.0,141.1,1,0,0,1,0,0,13.0,14.2125,6,8,0,2
19,114.0,112.6,1,0,0,1,0,0,11.85,13.65,6,7,2,2
18,134.0,124.9,1,0,1,1,1,0,10.666666666666666,11.333333333333334,3,3,1,0
18,138.0,142.2,1,0,0,1,0,0,13.8,12.6,5,5,2,2
43,133.1,132.0,0,0,0,1,1,0,11.75,0.0,4,0,0,0
20,123.0,134.0,0,0,0,1,0,1,13.666666666666666,13.333333333333334,6,6,2,2
19,137.0,137.0,0,0,1,1,0,0,0.0,11.666666666666666,0,2,1,1
20,120.0,120.0,1,0,0,1,0,0,0.0,0.0,0,0,0,0
21,135.0,135.4,1,0,0,1,1,0,12.565,12.16,6,5,1,2
20,117.0,127.9,1,0,0,1,1,0,0.0,0.0,0,0,0,0
19,122.0,124.8,1,0,0,0,1,0,0.0,0.0,0,0,0,0
18,127.0,120.0,0,0,0,1,0,0,0.0,0.0,0,0,0,0
27,130.0,130.0,1,0,0,1,0,0,12.8875,12.8875,8,8,2,2
31,133.1,121.7,0,0,0,1,1,0,0.0,0.0,0,0,0,0
28,115.0,115.0,1,0,0,1,0,0,12.8,11.0,5,5,2,1
18,160.0,139.0,1,0,0,1,0,1,12.2,0.0,5,0,0,0
22,121.0,125.9,1,0,0,1,0,0,10.0,13.5,4,2,1,1
18,142.0,130.3,0,0,0,1,0,0,13.683333333333332,13.683333333333332,6,6,2,2
18,116.0,110.1,1,0,0,1,0,0,13.333333333333334,12.0,6,6,2,2
34,130.0,128.2,0,0,0,1,0,0,11.0,10.0,3,2,0,0
21,136.0,125.9,0,0,0,1,0,0,12.2,11.8,5,5,2,1
20,133.1,118.0,0,0,0,1,0,1,11.666666666666666,14.0,6,5,2,2
24,133.1,133.0,0,0,0,1,0,0,12.585714285714284,13.44285714285714,6,7,2,2
19,125.0,114.9,0,0,0,1,0,1,11.5,12.2,6,5,2,2
20,111.0,108.2,1,0,0,1,0,0,13.266666666666666,12.3,6,5,0,2
21,100.0,136.0,1,0,0,1,0,0,14.355555555555554,13.49375,7,8,2,2
24,133.1,106.0,1,0,0,1,0,0,10.5,11.0,2,1,1,0
21,129.0,124.8,1,0,0,1,0,0,14.5,12.0,6,5,2,2
20,131.0,125.4,1,0,0,1,0,0,15.692307692307692,14.428571428571429,6,5,2,2
31,133.1,96.0,0,0,0,1,1,0,0.0,0.0,0,0,0,0
21,117.0,131.0,1,0,1,0,1,0,14.0,0.0,1,0,0,0
18,140.0,127.8,0,0,0,1,1,0,14.285714285714286,14.857142857142858,6,6,2,2
19,136.0,129.7,0,0,0,1,0,0,12.166666666666666,13.714285714285714,6,6,2,2
21,141.0,130.2,1,0,0,1,0,0,14.072222222222225,14.0475,7,8,2,2
19,133.0,130.2,1,0,0,1,0,0,0.0,0.0,0,0,0,0
22,127.0,126.7,1,0,0,0,1,0,0.0,0.0,0,0,0,0
59,130.0,140.0,0,0,0,0,0,0,13.333333333333334,12.875,12,8,0,0
29,121.0,141.4,0,0,1,0,1,0,11.25,11.8,4,4,0,0
20,123.0,120.2,1,0,0,1,0,0,11.8,11.5,5,4,0,2
19,127.0,115.8,1,0,0,1,1,0,12.0,10.0,3,2,0,0
19,133.1,107.0,1,0,0,1,0,0,10.6,11.714285714285714,5,6,0,2
18,162.0,154.1,0,0,0,1,0,0,14.45,14.144444444444444,7,8,2,2
19,135.0,134.3,1,0,0,1,0,0,14.2,13.8,5,5,1,2
19,118.0,112.4,1,0,0,1,0,0,15.307692307692308,13.875,6,6,2,2
49,133.1,128.0,0,0,0,1,1,0,14.0,13.666666666666666,3,3,0,0
27,133.1,148.2,1,0,1,1,0,0,12.125,12.0,6,5,1,0
21,118.0,115.2,1,0,0,1,0,1,12.333333333333334,12.5,3,2,0,1
18,122.0,116.4,1,0,1,1,0,1,11.6,11.8,5,5,2,2
19,145.0,145.0,0,0,0,1,0,1,12.833333333333334,13.166666666666666,6,6,2,2
36,133.1,110.0,0,0,0,1,0,0,11.5,12.333333333333334,4,3,0,0
20,123.0,127.2,0,0,1,0,1,0,11.333333333333334,11.5,3,2,0,0
37,130.0,118.1,0,0,1,0,0,0,0.0,0.0,0,0,0,0
18,109.0,137.0,1,0,0,1,0,1,12.666666666666666,12.8,6,5,2,2
30,133.1,101.6,0,0,0,1,1,1,0.0,0.0,0,0,0,0
32,133.1,140.0,1,0,1,0,0,0,0.0,0.0,0,0,0,0
27,120.0,113.8,0,0,0,0,1,0,0.0,0.0,0,0,0,0
21,121.0,116.8,1,0,0,1,0,0,11.333333333333334,12.25,6,4,2,2
18,130.0,125.1,1,0,0,1,0,0,13.78,13.661,7,8,2,2
23,138.0,123.0,1,0,0,1,0,0,12.8,11.666666666666666,5,3,0,1
35,100.0,100.0,0,0,0,1,0,0,11.4,12.333333333333334,5,3,1,1
19,131.0,127.0,0,0,0,1,1,1,12.514285714285714,12.514285714285714,7,7,2,2
21,135.0,135.0,0,0,1,1,1,0,12.333333333333334,11.25,3,4,1,0
20,117.0,113.2,1,0,1,1,0,0,10.666666666666666,11.857142857142858,6,6,2,2
24,150.0,144.6,0,0,1,0,0,0,13.0,0.0,1,0,0,0
28,147.0,147.9,0,0,0,1,0,0,11.5,12.0,4,4,1,1
26,150.0,127.0,1,0,0,1,1,0,13.046666666666669,13.30625,6,7,0,2
38,150.0,150.0,1,0,1,0,0,0,0.0,0.0,0,0,0,0
18,143.0,126.9,1,0,0,1,0,0,11.0,11.666666666666666,5,6,2,2
19,133.0,130.2,1,0,0,1,1,1,13.7,14.022222222222222,7,8,2,2
20,131.0,118.4,1,0,0,1,0,1,13.766666666666666,13.744444444444444,6,8,0,2
20,150.0,150.0,1,0,0,1,1,0,13.8,13.142857142857142,6,6,2,2
18,137.0,130.8,1,0,0,1,0,1,12.666666666666666,12.666666666666666,6,6,2,2
21,125.0,125.0,1,0,0,1,0,0,12.0,11.25,9,8,2,2
22,133.1,100.0,1,0,0,1,1,0,11.25,11.0,4,3,1,1
29,133.1,96.7,0,0,0,1,1,1,0.0,0.0,0,0,0,0
18,131.0,126.1,0,0,0,1,0,0,0.0,13.25,0,4,1,1
19,116.0,110.8,1,0,0,1,1,0,0.0,0.0,0,0,0,0
27,160.0,107.8,1,0,0,0,1,0,0.0,0.0,0,0,0,0
22,133.1,138.0,0,0,1,1,1,0,12.625,14.5,6,2,1,0
24,130.0,140.0,1,0,0,1,0,0,14.985714285714286,14.985714285714286,7,7,2,2
25,140.0,135.8,1,0,0,1,1,0,10.8,11.357142857142858,15,14,2,0
18,126.0,132.0,1,0,0,1,0,1,15.0,11.666666666666666,3,3,0,1
24,130.0,126.9,0,0,1,1,0,0,13.285714285714286,12.875,6,6,2,2
21,121.0,123.1,1,0,0,1,1,0,11.166666666666666,14.666666666666666,6,3,1,1
35,140.0,129.7,0,0,0,1,0,0,12.0,12.857142857142858,5,5,2,2
19,126.0,129.9,1,0,0,1,1,1,13.666666666666666,13.2,6,5,2,2
34,120.0,170.0,0,0,0,1,0,0,11.5,11.75,2,4,1,0
26,133.1,101.0,1,0,0,1,0,0,12.666666666666666,11.0,3,2,0,0
19,125.0,118.0,1,0,0,1,0,1,12.25,12.333333333333334,4,3,2,1
18,133.0,128.5,1,0,0,1,0,1,11.0,10.333333333333334,2,3,0,1
18,124.0,126.8,0,0,0,1,0,1,12.0,11.142857142857142,6,5,1,2
25,133.1,115.0,1,0,1,0,1,0,13.0,13.75,4,4,0,0
19,118.0,118.4,1,0,0,1,1,0,10.5,11.75,2,4,1,1
18,148.0,133.0,0,0,0,1,1,0,13.285714285714286,14.8,5,5,0,2
18,125.0,130.6,1,0,0,1,0,1,13.5,14.0,6,6,2,2
30,160.0,120.0,0,0,0,1,0,0,14.142857142857142,14.8,7,5,2,2
36,120.0,149.0,0,0,0,0,1,0,11.5,0.0,2,0,0,0
18,140.0,130.0,1,0,0,1,1,1,13.183333333333332,13.183333333333332,6,6,2,2
18,131.0,131.7,1,0,0,0,0,0,0.0,0.0,0,0,0,0
19,137.0,124.9,0,0,0,1,0,1,13.8875,14.864444444444445,6,8,2,2
19,145.0,129.6,0,0,0,1,0,1,11.333333333333334,12.428571428571429,6,6,2,2
25,133.1,103.0,0,0,0,1,1,0,0.0,0.0,0,0,0,0
18,139.0,130.6,0,0,0,1,0,0,12.8,11.857142857142858,5,5,2,2
41,100.0,110.0,0,0,0,1,0,0,11.833333333333334,12.7,12,9,2,2
24,151.0,138.4,1,0,0,1,0,1,13.666666666666666,12.833333333333334,6,6,2,2
20,160.0,160.0,1,0,0,1,1,0,14.0,14.666666666666666,6,6,2,2
28,133.1,120.0,0,0,0,1,1,0,10.285714285714286,10.6,7,5,0,1
33,133.1,118.0,0,0,0,0,1,0,0.0,0.0,0,0,0,0
18,130.0,124.1,1,0,0,1,0,0,14.166666666666666,13.428571428571429,6,6,1,2
22,140.0,142.5,1,0,0,1,0,1,13.5,13.714285714285714,8,7,2,2
20,125.0,131.7,1,0,0,1,1,0,12.75,12.666666666666666,4,3,0,1
19,134.0,141.4,1,0,0,1,0,0,13.0,14.0,3,2,0,0
18,140.0,131.6,1,0,0,1,0,0,13.135,13.244444444444444,7,8,2,2
22,125.0,126.1,1,0,0,1,1,0,13.4,10.666666666666666,5,3,1,1
28,133.1,128.2,0,0,0,1,1,0,12.0,11.333333333333334,3,3,0,0
21,140.0,140.0,0,0,0,1,1,0,11.75,10.5,4,4,1,1
22,127.0,138.8,1,0,0,1,0,0,14.153846153846152,15.428571428571429,11,12,2,2
18,130.0,133.9,1,0,0,1,0,0,12.2,11.25,5,4,2,1
21,130.0,121.3,1,0,0,1,0,0,13.0,12.0,2,4,1,1
18,130.0,118.8,0,0,0,1,0,0,13.677142857142858,14.533333333333331,7,8,2,2
18,150.0,130.8,1,0,0,1,0,0,13.614285714285714,13.614285714285714,7,7,2,2
21,117.0,113.2,0,0,0,1,1,0,10.0,10.333333333333334,2,3,1,0
39,133.1,136.2,0,0,0,1,0,0,11.0,11.666666666666666,5,5,2,2
21,120.0,119.8,0,0,0,1,1,0,12.0,12.142857142857142,2,7,0,2
20,137.0,124.4,1,0,0,1,0,0,12.728571428571428,14.625,7,8,2,2
19,138.0,123.0,1,0,0,1,0,0,13.44,13.066666666666668,5,6,1,2
27,110.0,110.0,1,0,0,1,1,0,12.333333333333334,13.166666666666666,9,6,0,2
19,133.0,121.5,1,0,0,1,0,1,13.0,14.333333333333334,6,6,2,2
25,145.7,145.7,1,0,0,1,0,0,13.333333333333334,12.272727272727272,15,11,2,2
18,122.0,126.6,1,0,0,1,0,0,12.833333333333334,13.833333333333334,6,6,2,2
27,133.1,115.6,1,0,0,0,0,0,0.0,0.0,0,0,0,0
39,133.1,109.0,1,0,0,1,0,0,12.16,12.16,5,5,1,2
18,130.0,117.8,0,0,0,1,0,0,10.0,11.333333333333334,2,3,1,1
18,121.0,125.9,1,0,0,1,1,0,0.0,0.0,0,0,0,0
22,133.1,155.0,0,0,0,1,0,0,11.333333333333334,0.0,3,0,0,0
19,124.0,125.4,1,0,0,1,1,0,13.5,13.166666666666666,6,6,2,2
18,131.0,118.4,0,0,0,1,1,0,0.0,11.5,0,2,0,0
20,130.0,118.1,0,0,0,1,1,0,12.166666666666666,12.0,6,6,2,2
20,125.0,130.0,1,0,0,1,1,0,12.833333333333334,13.4,6,4,2,2
25,160.0,130.0,0,0,0,1,0,0,11.95,12.042857142857144,7,7,1,2
21,130.0,117.8,1,0,0,1,0,0,13.0,11.5,3,4,2,2
36,160.0,160.0,1,0,1,0,0,0,12.0,14.666666666666666,6,3,0,0
37,133.1,129.0,0,0,0,1,0,0,12.0,12.0,4,3,0,0
20,106.0,116.9,1,0,0,1,0,0,11.5,12.4,6,5,2,2
19,136.0,133.0,1,0,0,1,0,0,13.98,13.98,5,5,1,2
27,150.0,150.0,0,0,0,1,0,0,0.0,0.0,0,0,0,0
20,124.0,117.8,0,0,0,1,0,1,12.791428571428572,12.791428571428572,7,7,2,2
18,141.0,133.0,1,0,0,1,1,0,13.0,12.333333333333334,4,3,1,1
18,130.0,126.2,0,0,0,1,1,1,11.333333333333334,12.285714285714286,6,6,2,2
18,128.0,116.5,1,0,0,1,0,1,13.428571428571429,12.666666666666666,6,6,2,2
24,130.0,134.0,0,0,0,1,1,1,11.833333333333334,14.0,5,4,1,2
18,122.0,114.3,1,0,0,1,0,0,13.875,13.714285714285714,6,6,2,2
18,128.0,122.1,1,0,0,1,0,0,11.833333333333334,13.8,5,5,2,2
20,122.0,115.7,1,0,0,1,0,0,0.0,0.0,0,0,0,0
20,130.0,131.4,0,0,0,1,1,0,14.166666666666666,12.333333333333334,6,6,2,2
24,133.1,105.0,1,0,1,0,0,0,11.285714285714286,10.333333333333334,6,3,0,0
20,124.0,121.2,1,0,0,1,1,0,0.0,0.0,0,0,1,0
41,110.0,140.0,0,0,0,1,0,0,14.5,13.0,4,5,1,2
19,152.0,160.4,1,0,0,0,0,0,0.0,0.0,0,0,0,0
18,127.0,118.3,1,0,0,1,0,0,12.333333333333334,12.0,6,3,1,2
31,130.0,130.0,0,0,0,1,1,0,12.333333333333334,13.285714285714286,12,7,2,2
24,120.0,134.4,0,0,0,1,1,0,15.714285714285714,15.9,6,6,0,2
21,106.0,104.6,0,0,0,0,1,0,14.0,14.8,5,4,1,0
18,135.0,122.9,1,0,0,1,0,0,13.128,13.193333333333332,7,6,2,2
25,133.1,120.0,0,0,0,1,0,1,13.3675,13.3675,8,8,2,2
18,122.0,130.8,1,0,0,1,0,0,11.25,13.0,4,5,2,2
19,118.0,112.4,1,0,0,1,0,0,11.285714285714286,0.0,5,0,0,0
18,140.0,123.6,1,0,0,1,0,0,12.857142857142858,12.666666666666666,6,3,2,2
21,122.0,119.9,0,0,0,1,0,1,11.4,12.2,5,5,2,2
26,133.1,100.0,0,0,1,0,1,0,13.0,14.0,6,2,0,0
19,147.0,141.8,1,0,0,1,0,0,13.0,12.8,6,4,2,2
44,140.0,172.0,0,0,0,1,1,0,12.333333333333334,11.0,9,9,1,2
19,139.0,136.2,0,0,0,1,0,0,13.0,13.333333333333334,5,5,2,2
19,160.0,152.0,0,0,0,1,1,1,13.857142857142858,14.0,6,6,2,2
27,134.0,120.6,1,0,0,1,1,0,12.333333333333334,13.0,6,5,2,2
21,132.0,119.4,1,0,0,1,1,0,0.0,0.0,0,0,0,0
19,160.0,137.6,1,0,0,1,0,1,12.6,11.25,5,5,2,2
18,133.0,121.8,1,0,0,1,0,1,10.2,11.25,5,4,2,1
18,135.0,133.3,1,0,0,1,0,1,14.833333333333334,14.166666666666666,6,6,2,2
30,129.0,117.1,1,0,0,1,0,0,14.692857142857145,14.9625,7,8,2,2
23,133.1,178.0,1,0,0,1,1,1,13.333333333333334,12.8,6,5,2,2
27,133.1,118.0,0,0,0,1,0,0,11.666666666666666,10.0,6,1,0,0
18,130.0,120.9,1,0,1,1,0,0,14.333333333333334,14.166666666666666,6,6,2,2
43,111.0,95.8,1,0,0,0,1,0,0.0,0.0,0,0,0,0
19,130.0,130.0,1,0,0,1,1,0,12.5,11.6,2,3,1,1
31,140.0,120.0,0,0,1,0,1,0,0.0,0.0,0,0,0,0
24,125.0,118.8,0,0,0,1,1,0,13.3,13.3,6,6,2,2
19,141.0,127.8,0,0,0,1,0,1,0.0,0.0,0,0,0,0
23,130.0,129.4,1,0,1,0,1,0,0.0,0.0,0,0,0,0
18,135.0,125.6,1,0,0,1,0,0,11.0,14.0,4,3,2,1
21,135.0,129.0,1,0,0,1,0,0,0.0,0.0,0,0,0,0
21,139.0,146.5,0,0,0,1,0,0,13.417391304347827,13.417391304347827,12,12,2,2
19,128.0,124.5,0,0,0,1,1,1,14.0,12.333333333333334,4,6,2,2
18,144.0,129.3,1,0,0,1,1,1,0.0,0.0,0,0,1,2
26,140.0,140.0,0,0,0,1,0,0,14.0,15.6,5,5,2,2
33,120.0,128.2,0,0,0,1,0,0,11.5,12.0,2,2,0,0
39,150.0,120.1,0,0,0,0,0,0,11.916666666666666,11.25,12,8,0,0
18,127.0,121.8,1,0,1,1,0,0,13.5,10.666666666666666,4,3,1,0
18,130.0,115.8,0,0,0,0,0,0,0.0,0.0,0,0,0,0
18,168.0,155.1,1,0,1,0,1,1,0.0,0.0,0,0,2,0
21,134.0,126.0,0,0,1,0,0,0,11.833333333333334,13.2,5,5,0,0
27,120.0,123.2,0,0,0,1,0,0,10.666666666666666,11.4,3,4,1,1
18,143.0,142.3,0,0,0,1,0,1,13.79714285714286,13.775,7,8,1,2
22,150.0,150.0,1,0,0,1,1,1,13.428571428571429,13.625,6,6,2,2
19,150.0,131.1,0,0,0,1,0,1,13.4,12.833333333333334,5,6,2,2
43,133.1,110.0,0,0,0,1,1,0,0.0,0.0,0,0,0,0
28,133.1,110.0,1,0,0,0,0,0,0.0,0.0,0,0,0,0
18,124.0,118.4,1,0,0,1,1,0,0.0,0.0,0,0,1,0
20,120.0,120.0,0,0,0,1,1,0,12.5,13.142857142857142,6,7,2,2
22,150.0,150.0,1,0,0,1,1,0,14.5,14.6,4,5,2,2
35,133.1,120.0,0,0,0,1,0,1,13.63,13.63,8,8,2,2
20,170.0,125.0,0,0,0,1,1,0,15.66,15.011111111111113,7,9,2,2
18,164.0,165.8,1,0,0,1,0,0,14.166666666666666,14.857142857142858,6,6,2,2
19,146.0,128.5,0,0,1,1,0,0,12.666666666666666,10.0,3,2,0,0
20,141.0,126.8,1,0,0,1,0,1,14.2,14.2,8,8,2,2
19,122.0,116.1,0,0,0,1,1,1,13.125,12.714285714285714,6,6,1,2
20,122.0,123.8,0,0,0,1,0,0,12.0,11.0,5,6,2,2
19,115.0,109.8,1,0,0,1,0,0,11.25,12.0,4,4,1,1
20,127.0,121.8,1,0,0,1,0,1,14.0,11.0,4,3,1,1
20,140.0,140.0,0,0,0,1,1,1,13.833333333333334,12.3,5,6,1,2
23,140.0,127.8,1,0,0,1,1,0,10.666666666666666,11.333333333333334,3,3,0,1
18,143.0,128.7,1,0,0,1,0,0,14.455000000000002,13.91,7,8,2,2
23,133.1,101.0,1,0,0,0,1,0,0.0,0.0,0,0,0,0
24,117.0,116.3,1,0,0,1,0,0,12.6,11.5,4,4,0,1
30,120.0,120.5,1,0,0,1,1,0,11.0,0.0,2,0,0,0
22,130.0,124.8,1,0,0,1,1,0,0.0,12.0,0,1,0,0
19,123.0,116.7,1,0,0,1,0,0,13.0,10.75,5,4,2,2
47,133.1,134.5,0,0,0,1,0,1,12.2,11.25,5,4,2,2
20,127.0,127.4,1,0,0,1,0,0,11.166666666666666,11.333333333333334,6,6,2,2
19,150.0,134.6,1,0,0,1,1,0,0.0,0.0,0,0,0,0
27,130.0,130.0,0,0,0,1,0,0,12.0,13.625,3,4,2,1
40,100.0,117.9,0,0,0,0,1,0,0.0,0.0,0,0,0,0
20,128.0,117.2,1,0,0,1,0,0,11.605,12.4125,6,7,2,2
18,115.0,116.1,1,0,0,1,0,1,13.857142857142858,14.285714285714286,6,6,2,2
28,130.0,120.5,0,0,0,1,1,0,0.0,0.0,0,0,0,0
21,122.0,126.9,0,0,0,1,0,0,11.714285714285714,12.0,6,6,2,2
20,125.0,128.5,0,0,0,1,1,0,14.0,0.0,1,0,0,0
21,115.0,116.4,1,0,0,1,0,0,11.375,13.285714285714286,6,6,2,2
18,130.0,136.3,1,0,0,1,1,0,12.5,11.5,6,6,2,2
19,126.0,126.0,1,0,0,1,0,0,13.0,10.4,5,5,1,1
54,100.0,100.0,1,0,0,1,0,0,12.461538461538462,11.1,13,10,0,2
19,154.0,142.0,0,0,0,1,1,0,13.714285714285714,13.714285714285714,7,7,2,2
19,129.0,124.1,1,0,0,1,1,0,0.0,14.0,0,1,0,0
34,110.0,108.4,1,0,0,1,0,0,0.0,0.0,0,0,0,0
18,148.0,134.8,1,0,0,1,1,0,13.35,13.35,6,6,2,2
37,100.0,100.0,0,0,1,1,0,0,11.833333333333334,11.0,6,6,2,2
27,130.0,120.0,0,0,0,1,0,0,10.6,11.0,5,5,0,1
20,110.0,112.5,1,0,0,1,0,0,12.333333333333334,11.77777777777778,9,7,2,2
19,133.0,135.8,1,0,0,1,0,0,15.0,13.333333333333334,6,6,2,2
21,130.0,130.0,0,0,0,1,1,0,15.083333333333334,13.083333333333334,12,11,1,2
23,120.0,122.8,0,0,0,1,0,0,10.0,10.0,2,1,1,0
19,140.0,132.0,0,0,0,1,1,0,11.571428571428571,13.0,5,3,0,1
20,130.0,130.0,1,0,0,1,1,0,11.6,11.5,4,5,1,2
34,150.0,127.0,0,0,0,1,1,0,15.8,16.8,5,5,2,2
19,140.0,143.0,0,0,0,1,0,0,13.333333333333334,14.666666666666666,6,6,2,2
40,120.0,160.0,0,0,0,1,1,0,11.0,13.4,5,5,2,0
31,133.1,118.5,1,0,0,1,0,0,0.0,0.0,0,0,0,0
21,125.0,122.6,0,0,0,1,1,0,11.166666666666666,11.0,5,4,0,1
34,100.0,134.4,0,0,0,1,0,0,12.071428571428571,12.272727272727272,14,11,2,2
19,142.0,130.8,1,0,0,0,1,0,0.0,0.0,0,0,0,0
19,120.0,120.0,1,0,1,0,0,0,11.6,11.0,5,2,0,0
35,170.0,111.6,0,0,0,1,1,0,14.0,0.0,1,0,0,0
18,134.0,120.4,1,0,0,1,0,1,12.333333333333334,13.5,6,6,2,2
22,150.0,150.0,0,0,0,0,1,0,0.0,0.0,0,0,0,0
20,115.0,112.6,0,0,0,1,1,1,12.571428571428571,12.166666666666666,6,6,2,2
34,110.0,100.0,0,0,0,1,0,0,12.333333333333334,12.142857142857142,9,7,2,2
25,123.0,110.0,0,0,0,1,1,0,11.0,11.5,3,4,1,1
20,122.0,114.7,0,0,0,1,1,0,15.8,13.714285714285714,5,5,1,2
19,137.0,121.0,0,0,0,1,0,1,14.725714285714288,14.725714285714288,7,7,2,2
32,140.0,128.0,1,0,0,0,0,0,0.0,0.0,0,0,0,0
23,140.0,135.0,0,0,1,1,0,0,12.375,12.6,8,5,1,2
21,150.0,146.7,0,0,0,1,0,1,14.666666666666666,13.833333333333334,6,6,2,2
18,128.0,125.2,1,0,0,1,1,1,14.682857142857143,15.055555555555555,7,8,2,2
46,120.0,120.0,0,0,1,0,1,0,0.0,10.0,0,1,0,0
30,133.1,118.9,0,0,0,1,0,0,0.0,0.0,0,0,0,0
33,170.0,138.3,0,0,0,1,0,0,12.416666666666666,13.0,9,7,2,2
33,120.0,140.0,1,0,0,1,1,0,18.0,13.0,1,2,0,0
45,130.0,130.0,0,0,0,1,0,0,11.0,13.8,5,5,2,2
19,125.0,121.5,1,0,0,1,0,1,10.857142857142858,11.666666666666666,6,6,2,2
19,128.0,135.7,1,0,0,1,1,0,13.2,13.25,5,5,1,2
28,140.0,129.3,1,0,1,1,0,0,0.0,0.0,0,0,1,0
18,131.0,126.1,1,0,0,1,0,0,12.59125,12.820000000000002,7,7,1,2
20,131.0,135.9,1,0,0,1,1,0,10.0,11.0,1,1,0,0
18,160.0,155.5,1,0,0,1,0,1,12.833333333333334,12.166666666666666,6,6,2,2
20,160.0,160.0,1,0,0,1,0,0,13.785714285714286,13.88888888888889,11,9,2,2
18,126.0,132.7,0,0,0,1,0,1,12.666666666666666,12.2,6,5,2,2
22,141.0,133.7,1,0,0,1,1,0,11.4,12.166666666666666,5,6,2,2
19,137.0,128.4,1,0,0,1,0,1,13.385714285714286,15.925,7,8,2,2
23,131.0,126.6,1,0,0,1,1,0,12.414285714285713,13.5,5,2,1,0
20,158.0,153.5,1,0,0,1,0,0,14.833333333333334,16.0,6,6,2,2
19,133.0,129.2,1,0,0,1,0,0,11.0,10.0,2,2,0,0
21,120.0,120.0,1,0,0,1,1,0,11.285714285714286,12.25,7,4,1,2
27,130.0,102.5,0,0,0,1,0,0,13.2,12.0,5,5,2,2
18,150.0,136.5,1,0,0,1,0,1,14.50125,14.50125,8,8,2,2
19,128.0,118.2,0,0,0,1,0,0,11.666666666666666,11.5,6,6,2,2
18,135.0,127.0,1,0,0,1,0,0,12.25,13.714285714285714,6,6,2,2
18,120.0,119.0,1,0,1,0,0,0,12.0,11.0,6,2,0,0
20,140.0,140.0,1,0,0,1,0,1,11.833333333333334,11.857142857142858,6,5,2,2
19,140.0,131.5,1,0,0,1,0,0,13.25375,13.25375,8,8,2,2
19,146.0,146.7,1,0,0,1,1,0,13.833333333333334,13.625,6,6,2,2
22,150.0,147.7,0,0,1,1,0,1,13.571428571428571,13.77777777777778,7,9,2,2
18,139.0,133.5,1,0,0,1,0,1,15.228571428571428,15.228571428571428,7,7,2,2
21,118.0,111.0,1,0,0,1,0,0,12.5,12.666666666666666,6,6,2,2
27,150.0,123.0,0,0,0,1,1,0,11.5,10.333333333333334,4,3,0,0
23,136.0,131.3,0,0,0,1,0,0,12.625,12.625,12,12,2,2
19,125.0,133.4,1,0,0,1,1,1,13.0,12.2,4,5,1,2
24,150.0,120.0,0,0,0,1,1,0,10.666666666666666,10.5,3,2,1,0
36,130.0,130.0,1,0,0,1,0,1,9.8,0.0,1,0,0,0
18,122.0,114.3,1,0,0,1,1,0,13.976666666666668,12.041666666666666,6,6,1,2
18,135.0,137.1,1,0,0,1,0,0,13.333333333333334,12.333333333333334,6,6,2,2
17,140.0,133.8,1,0,0,1,0,0,12.46,12.46,5,5,1,2
23,127.0,124.2,1,0,0,1,1,0,10.0,0.0,1,0,1,0
25,135.0,120.0,0,0,0,0,1,0,0.0,0.0,0,0,0,0
19,127.0,125.3,0,0,0,1,1,0,10.8,11.0,5,5,2,2
20,160.0,160.0,1,0,0,0,0,0,13.375,13.0,6,6,2,2
18,111.0,114.2,1,0,0,1,0,0,13.2,12.8,4,5,2,2
42,110.0,130.0,0,0,0,0,1,0,0.0,0.0,0,0,0,0
18,133.0,126.0,0,0,0,1,1,0,13.666666666666666,13.2,3,5,2,2
20,133.1,146.0,0,0,1,1,0,0,11.0,13.166666666666666,5,6,2,2
22,101.0,119.9,1,0,1,0,0,0,10.88888888888889,11.25,9,4,2,0
19,126.0,116.9,0,0,0,1,1,0,13.666666666666666,12.25,6,4,0,2
19,140.0,125.5,1,0,0,1,0,1,14.232857142857142,14.232857142857142,7,7,2,2
19,139.0,126.1,0,0,0,1,0,1,12.333333333333334,12.833333333333334,5,6,2,2
20,118.0,114.2,1,0,0,1,0,0,13.683333333333332,13.116666666666667,6,6,2,2
24,130.0,150.0,0,0,0,1,1,0,11.75,13.5,4,2,0,1
18,123.0,125.1,1,0,1,1,1,1,14.333333333333334,15.333333333333334,6,6,2,2
20,150.0,150.0,1,0,1,1,1,0,16.5,17.714285714285715,5,5,0,2
18,142.0,146.9,1,0,0,1,0,1,13.0,12.166666666666666,6,6,2,2
20,112.0,106.1,1,0,0,0,0,0,0.0,0.0,0,0,0,0
20,130.0,122.0,1,0,0,1,1,0,10.5,12.25,2,4,1,1
23,143.0,141.3,0,0,1,0,0,0,14.0,13.0,6,4,1,0
24,110.0,113.2,1,0,0,1,0,0,10.5,10.0,2,1,0,0
19,131.0,122.3,0,0,0,1,1,0,11.5,11.6,5,5,2,2
39,120.0,113.9,1,0,0,1,0,0,11.0,11.6,5,5,2,2
29,120.0,130.0,0,0,0,1,0,0,15.333333333333334,15.4,5,5,0,2
18,163.0,175.6,1,0,0,1,0,0,0.0,0.0,0,0,2,0
18,125.0,119.8,0,0,0,1,0,0,11.571428571428571,12.142857142857142,5,6,2,2
21,135.0,127.0,0,0,0,1,0,0,0.0,0.0,0,0,0,0
20,149.0,147.6,1,0,0,1,0,0,13.923076923076923,14.25,6,6,2,2
35,130.0,117.9,0,0,0,1,0,0,0.0,0.0,0,0,0,0
18,137.0,121.3,1,0,0,1,1,1,15.07,15.07,7,7,2,2
22,136.0,130.0,1,0,0,1,1,0,11.5,12.5,4,2,0,0
28,130.0,130.0,0,0,0,0,0,0,11.0,0.0,1,0,0,0
21,153.0,138.0,1,0,0,1,0,1,13.5,15.333333333333334,6,3,0,2
21,124.0,114.6,1,0,0,1,0,0,12.8,11.2,5,5,2,2
18,123.0,117.4,1,0,0,1,0,1,12.5,13.833333333333334,6,6,2,2
21,120.0,111.3,1,0,0,1,0,0,12.6,13.2,5,5,2,2
22,126.0,100.0,1,0,0,1,1,0,0.0,10.0,0,1,0,0
33,130.0,103.5,0,0,0,1,0,1,14.166666666666666,14.333333333333334,6,6,2,2
23,130.0,130.0,0,0,1,0,1,0,0.0,0.0,0,0,0,0
24,150.0,139.9,1,0,0,1,0,0,13.0,14.166666666666666,5,6,2,2
21,133.1,123.3,1,0,0,1,0,1,0.0,0.0,0,0,0,0
23,132.0,129.6,0,1,0,1,1,0,12.733333333333334,11.95,6,7,2,2
52,120.0,129.8,1,0,0,1,1,0,13.0,15.0,5,6,2,2
23,130.0,130.0,0,0,0,1,0,0,13.22,13.22,8,8,2,2
20,114.0,114.0,0,0,0,1,0,0,0.0,11.666666666666666,0,2,1,0
18,143.0,133.8,1,0,0,1,0,0,13.033333333333331,13.033333333333331,6,6,2,2
20,130.0,115.7,0,0,0,1,1,0,11.0,10.0,5,3,1,1
19,137.0,146.5,1,0,1,1,1,0,12.0,11.181818181818182,11,10,1,1
19,129.0,118.9,1,0,0,1,0,0,12.8,14.5,4,3,1,1
22,127.0,120.7,0,0,1,0,0,0,11.0,0.0,5,0,0,0
20,108.0,105.6,1,0,0,1,1,0,12.166666666666666,15.285714285714286,5,5,2,2
27,130.0,130.0,1,0,0,1,0,0,14.414285714285716,14.414285714285716,7,7,2,2
30,133.1,130.0,0,0,0,1,0,0,0.0,0.0,0,0,0,0
34,140.0,150.0,1,0,0,1,1,0,0.0,0.0,0,0,0,0
19,117.0,114.6,0,0,0,0,1,0,11.25,10.166666666666666,4,3,0,0
21,130.0,130.0,1,0,0,0,0,0,13.285714285714286,12.0,5,4,0,1
31,100.0,114.0,1,0,1,0,0,0,12.56,12.56,5,5,0,0
18,127.0,120.7,1,0,1,1,0,0,12.0,12.0,1,3,1,1
20,106.0,108.0,1,0,1,1,0,0,12.0,11.0,2,4,0,0
25,100.0,130.0,1,0,0,1,0,0,13.291666666666666,13.291666666666666,12,12,2,2
19,118.0,110.0,1,0,1,1,1,0,12.0,13.571428571428571,6,6,2,2
19,135.0,122.4,0,0,1,1,0,0,10.875,12.4,5,4,2,2
18,125.0,132.0,0,0,0,0,0,0,12.2,10.833333333333334,5,4,1,0
18,120.0,127.0,1,0,0,1,0,1,11.666666666666666,12.25,6,4,2,2
40,120.0,134.0,0,0,0,1,1,1,12.333333333333334,12.75,6,4,0,2
20,113.0,106.7,1,0,1,1,0,0,11.666666666666666,10.5,2,4,0,0
19,143.0,141.6,0,0,0,1,0,1,13.090909090909092,12.083333333333334,11,11,2,2
24,140.0,135.4,1,0,0,1,0,0,11.8,11.25,5,4,1,1
19,140.0,140.0,1,0,0,1,1,0,12.5,12.0,4,2,0,1
22,120.0,115.0,0,0,0,1,1,0,0.0,0.0,0,0,0,0
20,134.0,136.8,1,0,0,1,1,0,12.8,13.666666666666666,5,4,2,2
18,134.0,121.4,0,0,0,1,0,0,12.0,11.0,2,1,0,0
18,142.0,128.0,0,0,0,1,0,1,14.0,13.285714285714286,6,6,2,2
19,139.0,131.3,1,0,0,1,0,0,12.0,12.5,4,6,2,2
20,145.0,153.1,1,0,0,1,0,1,12.5,14.333333333333334,6,6,1,2
19,117.0,111.1,0,0,1,1,1,0,11.25,11.333333333333334,4,3,0,1
20,134.0,129.8,1,0,0,1,0,0,14.85,14.85,6,6,2,2
34,130.0,117.7,0,0,0,1,0,0,12.0,11.0,10,5,0,0
19,141.0,125.6,1,0,0,1,0,1,11.333333333333334,11.833333333333334,6,6,2,2
22,160.0,161.0,1,0,0,1,0,1,13.08,13.08,7,7,2,2
18,142.0,132.9,1,0,0,1,1,0,12.333333333333334,12.333333333333334,6,3,2,0
28,100.0,134.3,1,0,0,1,0,0,13.394736842105264,13.554736842105264,17,17,2,2
30,133.1,130.4,0,0,0,1,0,0,10.666666666666666,10.4,3,5,1,1
19,130.0,133.8,0,0,0,1,0,0,0.0,0.0,0,0,0,0
26,140.0,140.0,1,0,1,1,1,0,0.0,0.0,0,0,1,0
27,160.0,160.0,0,0,0,1,0,0,14.0,12.0,3,5,2,2
18,143.0,129.0,0,0,0,1,1,0,13.105714285714283,13.105714285714283,7,7,2,2
18,142.0,129.8,1,0,0,1,1,0,0.0,15.0,0,1,1,0
30,120.0,115.0,0,0,0,1,1,0,15.0,13.5,2,2,0,0
24,140.0,140.0,1,0,0,1,0,0,13.385,13.385,8,8,2,2
19,129.0,120.0,1,0,0,1,0,0,12.454285714285716,12.454285714285716,7,7,2,2
19,121.0,115.8,1,0,0,1,0,1,11.6,11.6,5,5,2,2
19,130.0,117.8,1,0,0,1,1,0,15.885714285714286,15.885714285714286,7,7,2,2
18,134.0,120.3,1,0,0,1,0,1,12.082857142857142,12.082857142857142,7,7,2,2
24,120.0,120.0,0,0,0,1,0,0,0.0,0.0,0,0,0,0
26,130.0,129.0,0,0,1,0,0,0,12.86,11.566666666666668,4,5,0,0
27,150.0,150.0,1,0,0,1,1,0,14.0,0.0,1,0,0,0
22,135.0,149.0,1,0,0,1,1,0,12.578947368421051,12.117647058823527,17,17,2,2
24,133.1,100.0,0,0,0,1,0,0,12.614285714285714,12.614285714285714,7,7,2,2
24,100.0,100.0,0,0,1,1,1,0,10.25,10.25,2,2,0,0
20,121.0,114.0,0,0,0,1,1,0,11.6,12.25,4,4,1,2
37,120.0,130.0,1,0,0,1,1,0,0.0,0.0,0,0,0,0
19,131.0,118.8,0,0,0,1,0,0,13.4,13.0,5,5,2,2
18,118.0,115.9,1,0,0,1,1,1,12.142857142857142,11.333333333333334,6,6,2,2
28,110.0,107.7,0,0,1,0,0,0,0.0,0.0,0,0,0,0
24,144.0,139.8,0,0,1,1,1,0,12.271428571428572,13.657142857142857,7,7,2,2
19,121.0,111.9,1,0,0,1,1,0,12.0,11.2,5,4,2,2
32,147.0,133.3,0,0,0,0,0,0,0.0,0.0,0,0,0,0
18,135.0,137.1,1,0,0,1,0,0,12.0,14.8,6,5,2,2
39,133.1,100.5,0,0,0,1,0,0,14.0,0.0,1,0,0,0
28,130.0,100.0,0,0,1,0,1,0,11.88888888888889,11.6,8,5,0,0
19,106.0,106.4,1,0,0,1,0,1,13.34,12.385714285714286,5,6,1,2
19,121.0,114.0,0,0,0,1,0,1,12.2,11.2,5,5,2,2
35,140.0,131.8,0,0,0,1,0,0,14.2,11.857142857142858,4,4,1,2
18,135.0,127.0,1,0,0,1,0,0,14.424285714285714,13.9375,7,8,2,2
26,160.0,168.6,0,0,0,1,1,0,0.0,0.0,0,0,0,0
21,100.0,101.8,1,0,0,1,0,0,11.6,13.0,5,5,1,2
18,137.0,132.8,1,0,0,1,0,0,13.333333333333334,11.8,6,5,2,2
18,123.0,116.0,1,0,0,1,0,1,11.666666666666666,11.666666666666666,6,6,2,2
26,140.0,105.0,0,0,0,1,0,0,10.666666666666666,11.2,3,5,1,2
23,119.0,105.0,1,0,0,1,0,0,11.333333333333334,11.0,3,2,1,0
46,110.0,130.0,0,0,1,0,1,1,0.0,0.0,0,0,0,0
19,140.0,140.0,0,0,0,1,0,0,12.0,12.666666666666666,6,6,2,2
48,133.1,149.5,0,0,0,1,1,0,0.0,0.0,0,0,0,0
22,150.0,150.0,1,0,0,1,1,0,12.857142857142858,14.3,12,10,2,2
18,123.0,114.6,1,0,1,0,0,0,12.0,10.75,3,4,0,0
18,141.0,130.2,0,0,0,1,1,0,13.5,0.0,6,0,0,0
21,106.0,106.0,1,0,0,1,1,1,10.5,11.0,4,1,0,0
19,138.0,125.1,1,1,0,1,0,1,13.5,12.8,6,5,0,2
20,133.1,130.0,0,0,0,0,0,1,13.4,11.4,5,5,2,0
20,132.0,141.8,1,0,0,1,1,0,11.833333333333334,12.166666666666666,6,6,2,2
19,117.0,120.2,1,0,0,1,1,0,0.0,0.0,0,0,2,0
20,140.0,143.0,0,0,0,1,0,0,13.5,12.5,6,5,2,2
19,126.0,118.7,1,0,0,1,0,0,0.0,0.0,0,0,0,0
20,138.0,134.2,1,0,0,1,0,1,15.0,13.0,6,6,2,2
18,145.0,134.9,1,0,0,1,0,0,15.5,16.0,6,6,2,2
22,140.0,122.3,0,0,0,1,0,0,13.6,12.0,5,5,0,2
18,134.0,133.0,1,0,0,1,0,0,11.75,12.0,6,5,2,2
20,133.1,95.0,0,0,0,1,1,0,0.0,0.0,0,0,0,0
20,135.0,121.0,0,0,0,1,0,0,10.0,13.0,1,1,1,0
48,133.1,100.0,0,0,0,1,1,0,10.0,10.0,3,1,0,0
23,118.0,117.0,1,0,0,0,1,0,10.0,12.333333333333334,3,3,0,0
18,140.0,146.3,1,0,0,1,0,1,0.0,0.0,0,0,0,2
18,115.0,108.7,1,0,0,1,0,1,11.4,11.333333333333334,5,6,2,2
19,150.0,150.0,0,0,1,1,0,1,14.333333333333334,13.833333333333334,6,6,2,2
18,152.0,156.9,0,0,0,1,0,1,14.668,14.63375,7,8,2,2
19,137.0,126.3,1,0,0,1,0,1,12.339999999999998,13.01875,6,8,2,2
23,140.0,150.0,0,0,0,1,1,0,13.0,10.0,2,1,0,0
21,150.0,150.0,0,0,0,1,1,0,11.857142857142858,10.571428571428571,5,5,1,1
18,140.0,138.3,1,0,0,1,0,0,0.0,0.0,0,0,1,2
18,135.0,123.5,1,0,0,1,1,0,0.0,10.0,0,1,1,0
18,148.0,143.3,0,0,0,1,0,1,13.44285714285714,15.075,7,8,2,2
19,126.0,119.4,0,0,0,1,0,0,12.666666666666666,11.666666666666666,6,6,2,2
21,138.0,123.0,1,0,0,1,0,0,11.0,10.5,1,2,1,1
19,140.0,123.5,1,0,0,1,0,1,14.75,14.75,8,8,2,2
20,121.0,117.5,1,0,1,0,0,0,12.0,11.666666666666666,2,3,0,0
24,133.1,117.8,0,0,0,1,0,0,11.416666666666666,11.9625,6,8,2,2
19,121.0,121.4,1,0,0,1,0,1,10.75,11.5,4,5,2,2
20,149.0,134.3,0,1,0,1,0,0,12.666666666666666,13.77777777777778,6,6,2,2
19,137.0,134.6,1,0,0,1,0,1,0.0,0.0,0,0,2,2
22,124.0,123.3,1,0,0,1,0,0,10.833333333333334,10.666666666666666,6,6,2,2
19,117.0,109.7,1,0,0,1,0,0,12.2,13.0,5,4,1,1
27,145.0,139.4,0,0,0,0,0,0,11.0,10.5,2,4,0,0
18,143.0,133.5,1,0,0,1,0,1,12.114285714285714,12.114285714285714,7,7,2,2
18,131.0,126.5,0,0,0,1,0,1,10.6,11.8,5,5,2,2
18,130.0,126.9,1,0,0,1,1,1,14.0,14.166666666666666,6,6,2,2
26,133.1,100.0,0,0,0,1,0,0,12.75,12.285714285714286,7,7,2,2
19,117.0,112.5,1,0,0,1,1,0,11.666666666666666,10.333333333333334,3,4,1,1
20,137.0,136.3,1,0,0,1,0,0,12.5,12.25,4,4,2,1
25,130.0,140.0,0,0,0,0,1,0,0.0,0.0,0,0,0,0
47,170.0,170.0,0,0,1,1,0,0,0.0,0.0,0,0,1,0
18,125.0,119.4,1,0,0,1,0,0,13.6,12.666666666666666,4,5,2,2
18,141.0,142.3,1,0,0,1,0,0,12.82875,12.82875,8,8,0,2
22,122.0,126.2,1,0,0,1,0,0,14.25,13.2,4,5,0,2
19,128.0,120.8,1,0,0,1,0,1,13.507142857142856,13.05,7,8,2,2
27,110.0,120.0,0,0,1,0,1,0,0.0,0.0,0,0,0,0
29,133.1,114.0,0,0,0,1,1,0,11.666666666666666,10.857142857142858,6,6,0,2
20,134.0,133.5,1,0,0,1,1,1,11.9725,12.65125,7,8,2,2
36,140.0,149.8,0,0,0,1,1,0,13.8,13.8,5,5,2,2
27,129.0,155.3,1,0,0,1,0,0,13.0,12.9,5,10,0,2
48,133.1,106.0,1,0,0,1,0,0,13.0,12.5,5,4,1,2
41,133.1,107.0,0,0,0,1,1,0,12.857142857142858,13.166666666666666,7,6,2,2
19,118.0,118.0,0,0,0,1,0,1,11.0,12.8,5,5,2,2
20,131.0,129.8,1,0,0,1,0,0,14.37,14.65,6,7,2,2
20,119.0,110.6,0,0,0,1,0,0,11.833333333333334,14.333333333333334,6,6,1,2
20,132.0,127.1,1,0,0,1,0,1,12.333333333333334,11.833333333333334,6,6,2,2
19,145.0,160.1,0,0,0,1,0,1,14.5,13.583333333333334,12,11,2,2
21,150.0,150.0,1,0,0,1,0,0,0.0,0.0,0,0,0,2
18,120.0,118.3,0,0,1,0,1,1,12.166666666666666,12.0,5,3,0,0
42,110.0,120.0,0,0,0,1,0,0,11.666666666666666,13.666666666666666,6,6,2,2
23,133.1,128.2,0,0,0,1,0,0,15.090909090909092,14.5,11,6,0,2
21,148.0,131.6,1,0,0,1,0,0,13.875,12.7,8,9,0,2
36,120.0,110.5,0,0,0,1,0,1,11.833333333333334,11.5,6,6,2,2
19,115.0,115.0,1,0,0,1,0,0,12.0,12.857142857142858,6,6,2,2
19,127.0,120.2,1,0,0,1,0,1,12.765714285714289,13.544444444444444,7,8,2,2
24,172.0,149.3,0,0,0,1,1,1,16.0,16.0,5,5,2,2
18,167.0,153.0,1,0,0,1,1,1,11.0,0.0,1,0,0,0
31,133.1,130.0,1,0,0,1,0,0,0.0,0.0,0,0,1,0
22,113.0,110.2,1,0,0,1,0,0,12.666666666666666,12.0,3,4,1,1
18,136.0,128.5,1,0,0,1,0,0,12.766666666666666,12.766666666666666,6,6,2,2
21,125.0,114.9,1,0,1,0,0,0,13.666666666666666,10.666666666666666,3,3,0,0
32,120.0,120.0,0,0,0,1,0,0,11.5,11.666666666666666,4,3,0,1
18,132.0,119.1,1,0,0,1,0,0,11.0,10.75,4,4,2,1
19,126.0,116.6,1,0,0,1,0,0,11.6,12.2,5,5,2,2
58,133.1,135.5,0,0,0,1,0,0,0.0,0.0,0,0,0,0
18,140.0,136.5,1,0,0,1,0,1,14.838571428571427,14.8,7,8,2,2
20,132.0,122.0,1,0,0,1,0,1,13.817142857142857,13.817142857142857,7,7,2,2
18,164.0,161.2,0,0,0,1,1,1,15.571428571428571,16.142857142857142,6,6,2,2
45,140.0,118.0,0,0,1,1,1,1,13.5,0.0,6,0,0,0
18,125.0,122.2,1,0,0,1,0,0,0.0,0.0,0,0,0,0
33,120.0,156.0,1,0,0,1,1,0,14.2,13.833333333333334,5,5,2,2
18,129.0,118.5,1,0,0,1,0,0,10.666666666666666,11.5,6,6,2,2
21,116.0,116.7,1,0,0,1,1,0,0.0,0.0,0,0,0,0
19,137.0,126.5,1,0,0,1,0,1,13.57625,13.57625,8,8,2,2
18,137.0,131.0,1,0,0,1,0,1,13.73125,13.73125,8,8,2,2
20,132.0,122.6,1,0,0,1,0,1,13.166666666666666,14.0,6,6,2,2
19,138.0,125.4,1,1,0,1,1,0,13.333333333333334,10.75,3,4,0,1
20,133.1,110.0,1,0,0,1,0,0,0.0,0.0,0,0,2,0
20,127.0,129.8,0,0,0,0,1,0,0.0,0.0,0,0,0,0
20,101.0,98.9,1,0,0,1,1,0,13.0,13.0,4,6,2,1
19,125.0,115.9,0,0,0,1,0,0,11.75,11.0,4,4,2,2
26,120.0,128.5,0,0,1,0,1,0,10.5,10.428571428571429,4,7,0,0
18,126.0,122.8,1,0,0,1,0,0,12.93375,12.93375,8,8,2,2
19,133.0,119.7,1,1,1,1,1,0,13.075,12.36111111111111,7,8,2,1
20,140.0,140.0,1,0,0,1,0,0,12.555555555555555,11.8,6,5,1,1
45,133.1,151.5,0,0,1,0,1,0,0.0,0.0,0,0,0,0
35,150.0,140.0,0,0,0,0,1,0,14.0,14.166666666666666,6,6,2,2
28,130.0,146.2,0,0,0,1,0,0,11.272727272727272,12.0,11,10,2,0
18,133.0,124.6,1,0,0,1,0,1,13.0,13.5,5,5,2,2
18,127.0,130.9,1,0,0,1,0,0,11.333333333333334,12.6,6,5,2,2
20,121.0,119.3,1,0,1,1,0,0,12.666666666666666,11.833333333333334,6,6,2,2
26,133.1,120.0,0,0,1,0,1,0,0.0,0.0,0,0,0,0
19,114.0,114.5,1,0,0,1,0,1,13.094285714285714,12.55,7,8,2,2
19,118.0,118.7,0,0,0,1,1,1,12.0,14.0,6,6,2,2
19,125.0,125.4,1,0,0,1,1,0,13.333333333333334,11.0,3,1,0,0
18,140.0,142.5,1,0,0,1,0,0,13.333333333333334,13.2,6,5,2,2
50,140.0,108.0,0,0,0,1,0,0,13.333333333333334,12.2,3,5,1,2
19,140.0,127.0,1,0,0,1,0,0,13.44285714285714,13.44285714285714,7,7,2,2
18,142.0,127.0,1,0,0,1,0,1,12.0,11.6,5,4,2,2
27,133.1,118.0,0,0,0,1,1,0,14.0,14.714285714285714,6,6,2,2
37,133.1,100.0,0,0,1,1,0,0,11.375,12.166666666666666,7,6,1,1
19,136.0,127.3,1,0,0,1,1,0,11.0,10.0,3,2,0,0
39,130.0,130.0,0,0,0,1,0,0,0.0,0.0,0,0,0,0
19,133.0,128.8,0,0,0,1,1,0,13.166666666666666,13.0,12,12,2,2
55,140.0,122.9,0,0,0,1,0,0,10.0,12.0,1,2,0,0
18,142.0,130.5,1,0,0,1,0,1,12.214285714285714,14.0625,7,8,2,2
18,137.0,127.9,1,0,0,1,0,1,13.46,12.2375,5,7,0,2
20,147.0,140.7,1,0,1,1,0,1,15.052631578947368,14.538461538461538,18,13,2,2
28,133.1,110.0,0,0,0,1,0,0,12.0,12.0,4,4,0,2
19,136.0,129.0,1,0,0,1,0,1,14.0,12.2,6,5,0,2
20,117.0,112.1,0,0,0,1,0,1,13.188,12.892857142857142,5,7,1,2
18,138.0,134.5,1,0,0,1,0,0,13.457142857142856,15.125,7,8,2,2
19,138.0,125.1,1,0,0,1,0,1,12.666666666666666,13.0,6,6,2,2
29,149.0,156.1,1,0,0,0,1,0,0.0,0.0,0,0,0,0
19,129.0,117.1,1,0,0,1,1,0,0.0,0.0,0,0,0,0
18,127.0,115.8,1,0,0,1,0,0,12.571428571428571,13.666666666666666,6,6,2,2
22,133.1,140.0,1,0,0,1,0,0,15.166666666666666,16.0,6,6,2,2
21,138.0,133.5,1,0,0,1,0,1,10.2,12.25,3,4,1,1
34,150.0,146.0,0,0,0,1,1,0,14.2,14.6,5,5,1,2
19,120.0,112.7,0,0,0,1,1,0,14.857142857142858,14.142857142857142,6,6,2,2
19,119.0,118.3,0,0,0,1,0,0,11.25,0.0,4,0,0,0
20,122.0,121.0,1,0,0,1,1,0,14.25,10.0,4,1,1,0
26,130.0,130.0,1,1,0,1,1,0,12.5,10.0,4,3,0,0
23,140.0,140.0,1,0,0,1,0,0,0.0,0.0,0,0,0,0
18,130.0,121.6,1,0,0,1,0,1,10.0,0.0,1,0,0,0
18,170.0,165.8,1,0,0,1,1,0,14.5,15.166666666666666,6,6,2,2
20,170.0,166.6,0,0,1,0,0,1,14.4,14.0,5,5,0,0
19,134.0,131.6,1,1,0,1,0,0,11.8,12.0,5,5,2,2
45,133.1,144.5,0,0,0,1,0,0,12.5,11.666666666666666,4,3,0,0
18,140.0,146.4,0,0,0,1,0,0,12.6,11.6,5,5,2,2
21,133.1,110.0,1,0,0,1,0,1,13.285714285714286,13.0,6,6,2,2
24,120.0,100.0,1,0,0,1,0,0,10.0,0.0,1,0,0,0
18,132.0,120.3,1,0,0,1,0,1,13.75,14.47777777777778,7,8,2,2
37,133.1,123.0,0,0,0,1,0,1,10.985714285714286,12.3,7,8,2,2
33,130.0,110.0,1,0,0,1,0,0,11.0,11.0,6,5,2,1
19,112.0,107.8,1,0,0,1,0,0,10.333333333333334,14.428571428571429,3,3,1,0
18,129.0,136.4,1,0,0,1,0,0,12.333333333333334,12.833333333333334,6,6,1,2
19,128.0,118.2,0,0,0,1,0,0,0.0,0.0,0,0,0,0
20,150.0,150.0,0,0,0,1,1,0,0.0,0.0,0,0,0,0
23,115.0,113.6,0,0,0,1,1,0,13.0,12.0,6,6,1,2
19,129.0,122.4,1,0,0,1,0,0,13.75,12.6,4,5,1,2
29,133.1,97.5,1,0,0,1,1,0,0.0,0.0,0,0,0,0
20,151.0,100.0,0,0,1,1,0,0,12.2,14.6,5,5,1,2
18,134.0,128.4,1,0,0,1,0,1,12.857142857142858,13.25,5,4,2,2
19,125.0,120.3,1,0,0,1,0,0,11.716666666666669,13.7,5,5,1,2
18,147.0,134.8,1,0,0,1,0,0,14.016666666666666,14.016666666666666,6,6,2,2
26,133.1,130.0,1,0,0,1,0,0,12.666666666666666,12.25,6,4,2,2
20,134.0,133.0,1,0,0,1,0,1,15.142857142857142,15.142857142857142,6,6,2,2
19,136.0,136.0,1,0,1,0,0,1,11.833333333333334,12.875,6,6,2,0
21,120.0,120.0,1,0,0,1,0,0,11.5,11.0,5,5,0,2
34,120.0,100.0,0,0,0,1,0,0,0.0,11.0,0,1,0,0
35,140.0,110.0,0,0,0,1,0,1,11.666666666666666,11.8,3,5,1,2
19,154.0,141.4,0,0,0,1,0,1,15.0,14.857142857142858,6,6,2,2
18,142.0,127.3,1,0,0,1,0,0,15.075714285714286,15.075714285714286,7,7,2,2
20,103.0,108.3,0,0,0,1,0,1,0.0,0.0,0,0,1,0
22,133.0,120.4,1,0,0,1,0,0,14.8,15.8,5,5,2,2
18,122.0,116.1,1,0,0,1,1,1,12.25,12.2,4,5,0,2
18,126.0,118.7,1,0,0,1,0,1,14.166666666666666,13.666666666666666,6,6,2,2
21,120.0,113.9,1,0,0,1,0,0,12.25,10.333333333333334,4,3,0,0
21,133.1,125.5,1,0,0,1,0,1,13.2,13.2575,7,7,2,2
37,110.0,110.0,0,0,0,1,1,0,0.0,0.0,0,0,0,0
18,133.1,109.6,0,0,0,1,0,0,12.25,11.0,4,5,0,2
26,130.0,133.0,1,0,0,1,0,1,13.7,13.7,6,6,2,2
18,131.0,131.7,1,0,0,1,0,0,11.75,12.25,4,4,0,1
19,128.0,124.7,0,0,0,1,1,1,12.528571428571428,12.416666666666666,6,6,1,2
50,130.0,140.0,0,0,0,1,1,0,12.25,0.0,4,0,0,0
18,147.0,134.9,0,1,0,1,0,0,13.642857142857142,14.772727272727272,7,8,2,2
19,162.0,138.6,1,0,0,1,0,0,11.0,0.0,1,0,1,0
30,140.0,130.0,1,0,0,1,1,0,12.333333333333334,12.0,9,8,2,2
28,148.0,130.9,0,0,0,0,1,0,0.0,0.0,0,0,0,0
18,145.0,130.5,1,0,0,1,0,0,14.24,14.24,7,7,2,2
20,133.1,100.0,0,0,0,1,1,0,12.857142857142858,12.75,7,4,1,2
21,131.0,130.7,0,0,1,1,0,0,11.5,11.0,2,4,1,0
18,122.0,131.0,1,0,0,1,0,0,12.516666666666666,12.516666666666666,6,6,0,2
23,139.0,127.1,0,0,0,1,1,1,11.8,13.25,5,4,2,2
20,114.0,111.9,1,0,0,1,1,1,12.0,12.5,6,6,1,2
18,128.0,122.1,0,0,0,1,0,1,11.571428571428571,12.0,4,5,1,2
34,120.0,122.0,1,0,0,1,0,0,12.2,12.333333333333334,10,9,2,2
25,130.0,130.0,0,0,1,0,1,0,0.0,0.0,0,0,0,0
22,100.0,153.0,0,0,0,1,1,0,14.5,14.375,3,4,1,2
18,157.0,143.0,0,0,0,1,1,0,13.4,13.4,7,7,2,2
47,150.0,122.5,0,0,0,1,1,0,11.5,11.6,4,5,0,2
27,180.0,152.7,1,0,1,0,1,0,0.0,0.0,0,0,0,0
22,133.1,136.0,1,0,0,1,1,0,0.0,0.0,0,0,0,0
27,133.1,110.0,1,0,0,1,1,0,0.0,0.0,0,0,0,0
22,119.0,118.3,1,0,0,1,0,0,15.0,10.25,3,4,1,0
18,136.0,126.3,1,0,0,1,0,1,11.6,11.6,6,6,2,2
21,147.0,151.9,1,0,0,1,0,0,12.0,12.666666666666666,17,17,2,2
31,133.1,138.7,0,0,0,1,0,0,10.333333333333334,12.0,3,3,0,0
19,120.0,115.1,1,0,0,1,0,0,13.857142857142858,13.4,6,5,2,2
20,102.0,100.6,1,0,0,1,0,1,12.766666666666666,12.128571428571428,6,7,2,2
21,121.0,111.9,1,0,0,1,1,0,0.0,12.285714285714286,0,5,2,2
20,157.0,146.2,1,0,0,1,0,1,15.25,14.714285714285714,6,6,2,2
18,127.0,125.6,0,0,1,1,0,1,14.0,0.0,1,0,0,0
19,118.0,113.8,1,0,0,1,0,0,12.333333333333334,12.5,6,6,2,2
19,135.0,136.1,1,0,0,1,1,0,11.4,12.4,5,5,1,2
18,138.0,132.8,1,0,0,1,0,0,12.385714285714286,13.755555555555556,6,8,2,2
32,133.1,120.0,0,0,1,1,1,0,12.0,0.0,2,0,0,0
21,134.0,124.2,0,0,0,1,0,1,11.25,11.4,4,4,2,2
20,131.0,131.4,1,0,0,1,1,0,0.0,0.0,0,0,2,0
18,136.0,139.2,1,0,0,1,0,0,13.833333333333334,14.0,6,6,2,2
18,168.0,126.8,1,0,0,1,1,0,12.6,13.0,5,6,1,2
19,142.0,132.7,1,0,0,1,0,1,14.7875,15.8625,7,8,2,2
18,134.0,127.7,1,0,0,0,0,0,11.714285714285714,11.333333333333334,6,4,0,0
20,107.0,104.2,1,0,0,1,0,0,12.166666666666666,12.142857142857142,6,6,2,2
19,121.0,114.4,0,0,0,1,0,0,11.5,14.6,5,4,2,2
19,139.0,124.5,1,0,0,1,0,0,12.04142857142857,12.04142857142857,7,7,2,2
20,128.0,120.3,1,0,1,0,0,0,11.666666666666666,11.0,3,2,0,0
19,140.0,140.0,1,0,0,1,0,0,13.0,13.0,6,5,2,2
18,151.0,129.8,1,0,0,1,1,0,13.05375,13.05375,8,8,2,2
27,140.0,140.0,0,0,0,1,1,0,13.5,13.75,4,4,2,2
21,119.0,113.1,1,0,0,1,0,0,12.2,13.2,5,5,2,2
28,137.0,115.0,0,0,0,1,0,0,14.95,14.7375,7,8,2,2
20,123.0,119.7,0,0,0,1,1,0,0.0,0.0,0,0,0,0
21,133.0,119.7,1,0,0,1,0,0,12.2,11.333333333333334,5,3,1,1
20,100.0,100.0,1,0,0,1,0,1,12.0,12.833333333333334,2,6,2,2
18,139.0,126.0,1,0,0,1,1,0,12.288,12.288,5,5,0,2
19,131.0,129.7,1,0,0,1,0,0,12.6,12.4,5,4,2,1
41,133.1,136.0,0,0,0,1,1,0,12.68421052631579,12.384615384615383,19,13,2,2
21,150.0,150.0,1,0,0,1,0,0,12.0,12.8,6,5,2,2
18,127.0,137.2,1,0,0,1,0,0,12.166666666666666,12.75,6,4,1,2
19,128.0,118.2,0,0,0,1,0,0,13.166666666666666,13.0,6,6,0,2
18,136.0,121.7,1,0,0,1,0,0,0.0,0.0,0,0,1,0
18,121.0,120.7,1,0,0,1,0,0,10.75,0.0,4,0,1,0
20,127.0,121.8,1,0,0,1,0,0,11.4375,11.425,7,8,1,2
18,133.0,127.3,1,0,0,1,0,0,12.628571428571428,12.628571428571428,7,7,2,2
20,117.0,110.7,1,0,0,1,1,0,14.0,12.0,5,6,1,2
40,133.1,120.0,0,1,1,1,0,0,10.0,15.0,2,1,0,0
19,133.0,126.7,0,0,0,1,0,0,12.45,11.7,4,5,1,2
18,140.0,127.1,1,0,0,1,0,0,13.25,10.5,4,4,2,0
19,117.0,118.1,0,0,0,1,1,0,11.2,13.2,5,5,2,2
23,130.0,109.8,1,0,0,0,1,0,0.0,0.0,0,0,0,0
18,131.0,126.1,1,0,0,0,0,0,11.5,12.166666666666666,4,6,2,0
20,137.0,125.8,0,0,1,1,1,0,12.2,12.333333333333334,5,6,0,2
32,120.0,101.8,0,0,0,0,0,0,0.0,0.0,0,0,0,0
46,133.1,109.0,1,0,0,1,0,0,11.375,11.8,8,5,2,2
21,129.0,129.0,0,0,0,0,0,0,12.0,12.0,6,6,0,0
18,132.0,119.4,1,0,0,1,0,1,13.833333333333334,13.5,6,6,2,2
21,145.0,132.8,1,0,0,0,1,0,12.0,0.0,2,0,0,0
18,135.0,136.1,1,0,0,1,0,1,14.0,13.666666666666666,6,6,2,2
27,133.1,121.7,0,0,0,1,0,1,12.6,11.685714285714283,6,6,1,2
19,132.0,128.2,1,0,0,1,0,1,12.333333333333334,13.5,6,6,2,2
22,132.0,119.1,1,0,0,1,0,1,11.6,12.0,5,6,2,2
30,160.0,110.0,0,0,0,1,1,0,11.0,11.5,2,4,0,1
19,126.0,122.2,0,0,0,1,0,1,13.666666666666666,13.666666666666666,6,6,2,2
38,160.0,126.0,0,0,0,1,0,1,12.88888888888889,13.0,8,7,2,2
21,133.1,121.0,0,0,1,0,1,0,11.833333333333334,10.0,5,5,0,0
19,162.0,162.0,0,0,0,1,0,0,15.0,15.625,6,6,2,2
19,138.0,127.5,1,0,0,1,0,0,12.94,13.76,5,5,1,2
18,148.0,125.0,1,0,0,1,0,0,13.9,13.9,6,6,2,2
18,122.0,114.7,0,0,1,1,0,1,10.833333333333334,12.0,6,6,2,2
19,130.0,119.5,0,0,0,0,1,0,0.0,0.0,0,0,0,0
19,155.0,144.2,1,0,0,1,1,0,0.0,0.0,0,0,2,2
20,128.0,121.0,1,1,1,1,1,0,13.2,11.4,5,5,1,1
18,163.0,143.1,0,0,0,1,1,0,0.0,0.0,0,0,2,0
19,160.0,160.0,0,0,0,1,0,1,15.333333333333334,14.0,6,6,2,2
19,116.0,114.6,1,0,0,1,0,0,10.75,10.0,2,2,0,0
18,134.0,128.5,1,0,0,1,0,1,14.1,13.3125,7,8,2,2
20,107.0,103.5,1,0,0,1,0,0,11.2,12.0,3,4,1,1
20,161.0,137.9,0,0,1,0,0,1,12.5,11.8,6,5,2,0
23,127.0,121.5,0,0,0,1,1,0,13.483333333333334,13.483333333333334,6,6,2,2
35,160.0,97.0,0,0,0,1,0,1,11.333333333333334,11.333333333333334,6,6,2,2
18,130.0,122.3,1,0,1,0,0,0,14.142857142857142,12.0,6,5,0,0
31,133.1,106.6,0,0,1,1,0,0,11.0,10.166666666666666,5,6,1,0
21,143.0,126.6,0,0,1,0,0,0,11.5,10.0,8,4,1,0
18,145.0,131.0,1,0,0,1,0,1,12.166666666666666,11.2,6,5,1,2
19,132.0,128.0,1,0,0,1,0,1,12.966666666666669,12.966666666666669,6,6,2,2
18,115.0,112.2,1,0,1,1,1,0,10.0,0.0,2,0,1,0
29,130.0,130.0,0,0,0,1,0,0,14.257142857142856,14.257142857142856,7,7,2,2
19,147.0,128.8,0,0,1,1,0,0,10.0,0.0,1,0,0,0
45,100.0,170.0,0,0,0,1,1,0,14.833333333333334,14.8,5,5,2,2
21,109.0,108.3,0,0,0,1,0,1,10.5,12.4,2,5,1,2
20,132.0,122.6,1,0,0,1,0,1,12.0,12.625,3,4,1,1
21,101.0,104.5,1,0,0,1,0,1,13.336000000000002,13.207142857142856,5,7,2,2
26,140.0,152.4,0,0,0,1,0,0,12.0,14.833333333333334,5,5,2,2
18,154.0,154.7,0,0,0,1,0,1,11.8,12.6,5,5,2,2
18,135.0,129.4,1,0,0,1,0,0,12.833333333333334,12.166666666666666,6,6,2,2
27,133.1,104.0,0,0,1,0,0,0,12.0,0.0,5,0,0,0
36,130.0,152.4,1,0,0,1,0,0,13.846153846153848,14.090909090909092,12,11,2,2
18,137.0,126.7,1,0,0,1,0,0,0.0,0.0,0,0,0,0
21,140.0,143.4,0,0,0,1,0,1,14.833333333333334,12.571428571428571,6,6,2,2
18,120.0,116.9,0,0,0,1,1,0,13.0,0.0,1,0,0,0
25,100.0,111.3,0,0,1,0,0,0,13.333333333333334,13.5,6,6,2,0
20,133.0,100.0,0,0,0,1,0,0,11.571428571428571,11.571428571428571,7,7,2,2
18,138.0,124.8,1,0,0,1,0,0,13.414285714285716,13.414285714285716,7,7,0,2
19,135.0,129.1,0,0,0,1,0,0,14.666666666666666,14.571428571428571,6,6,2,2
20,150.0,134.6,0,0,0,1,1,0,13.6,13.0,5,5,2,2
49,123.0,106.2,0,0,0,1,0,0,10.4,10.666666666666666,10,6,2,1
21,136.0,124.1,0,0,0,1,1,1,0.0,0.0,0,0,1,0
18,127.0,120.4,1,0,1,0,1,0,0.0,0.0,0,0,1,0
21,97.0,98.1,1,0,0,1,0,0,12.835714285714284,14.23125,7,8,2,2
33,133.1,100.0,0,0,1,1,1,1,0.0,0.0,0,0,0,0
18,130.0,127.6,1,0,0,1,0,0,12.9,12.142857142857142,7,7,0,2
19,125.0,114.5,1,0,0,1,1,0,13.8,12.4,5,5,2,2
18,120.0,115.5,1,0,1,1,1,0,10.333333333333334,10.857142857142858,3,3,0,1
18,141.0,139.8,1,0,0,1,0,0,14.935,14.935,8,8,2,2
20,120.0,126.7,1,0,0,1,1,0,12.6,11.5,5,4,2,1
27,140.0,160.0,0,0,0,1,0,0,15.94285714285714,15.94285714285714,7,7,2,2
18,131.0,132.4,1,0,1,0,1,0,0.0,0.0,0,0,0,0
19,126.0,127.4,1,0,0,1,0,0,15.23076923076923,12.375,6,6,2,2
20,158.0,130.0,1,0,0,1,0,0,11.25,10.4,4,5,2,1
27,180.0,179.6,0,0,1,0,0,0,0.0,0.0,0,0,0,0
50,160.0,140.9,0,0,0,1,0,0,13.545454545454543,13.571428571428571,11,7,2,2
19,128.0,120.5,1,0,0,1,0,1,13.04,12.5,5,7,1,2
35,133.1,100.0,0,0,0,1,0,1,12.6875,12.0,16,13,2,2
25,133.1,151.2,0,0,0,1,1,0,11.5,13.5,4,3,0,1
25,133.1,120.0,0,0,0,1,0,0,0.0,0.0,0,0,0,0
21,121.0,120.5,1,0,0,1,0,0,12.91,12.91,7,7,2,2
24,133.1,130.0,1,0,0,1,0,0,14.857142857142858,13.6,6,5,2,2
19,124.0,116.7,1,0,0,1,1,0,0.0,0.0,0,0,1,0
29,127.0,124.9,0,0,0,1,0,0,13.571428571428571,12.333333333333334,5,5,2,2
18,151.0,151.0,1,0,0,1,0,0,14.444444444444445,13.333333333333334,6,6,2,2
18,168.0,149.5,0,0,0,1,0,0,17.0,16.0,6,6,2,2
19,130.0,137.0,1,0,0,1,1,0,14.0,13.25,5,3,1,1
20,150.0,130.8,0,0,0,1,0,1,11.8,11.833333333333334,5,5,2,2
24,133.1,140.0,1,0,1,1,1,0,13.142857142857142,12.666666666666666,5,3,0,0
31,120.0,111.1,0,0,0,1,0,0,11.0,11.2,4,5,2,2
20,123.0,113.2,1,0,0,1,0,0,12.0,10.0,4,1,0,0
20,140.0,140.2,0,0,0,1,0,0,12.555555555555555,11.11111111111111,9,8,2,2
18,120.0,129.1,1,0,0,1,1,0,11.25,10.333333333333334,4,3,0,1
21,124.0,126.8,0,0,0,1,1,1,13.833333333333334,14.0,5,4,2,2
48,110.0,150.0,0,0,0,0,0,0,10.0,0.0,1,0,0,0
19,112.0,106.8,1,0,0,1,0,1,13.533333333333331,13.614285714285714,6,7,2,2
35,133.1,97.0,0,0,0,1,0,1,10.833333333333334,11.5,6,6,2,2
20,136.0,125.7,1,0,0,1,0,0,13.548333333333334,14.775,6,6,1,2
20,112.0,112.0,1,0,0,1,0,0,10.333333333333334,11.0,3,4,1,1
47,133.1,150.0,0,0,0,1,1,0,10.0,12.5,4,4,1,1
18,133.0,123.2,1,0,0,1,1,0,13.6,14.6,5,5,2,2
43,110.0,140.0,0,0,0,1,1,0,0.0,13.15,0,2,0,0
18,141.0,131.9,1,0,0,1,0,1,15.101428571428572,16.09375,7,8,2,2
42,126.6,107.5,0,0,1,1,0,1,13.333333333333334,15.285714285714286,6,6,2,2
19,160.0,160.0,0,0,1,1,0,1,13.0,13.0,6,5,2,2
26,100.0,120.0,0,0,0,1,1,0,11.333333333333334,13.666666666666666,3,3,0,0
18,131.0,121.9,1,0,0,1,0,1,12.666666666666666,13.333333333333334,6,6,2,2
18,134.0,123.9,1,0,0,1,1,0,13.0,12.4,5,5,1,2
19,119.0,125.0,0,0,0,1,1,0,10.8,10.5,5,2,1,1
21,133.1,155.0,0,0,0,1,0,1,13.0,12.666666666666666,5,6,2,2
19,143.0,129.0,1,0,0,1,1,0,13.3625,14.444444444444445,7,8,2,2
18,135.0,125.3,1,0,0,1,0,1,11.785714285714286,11.785714285714286,7,7,2,2
21,130.0,122.0,1,0,0,1,0,1,10.0,11.4,1,5,1,1
24,133.1,140.0,0,0,1,1,1,0,14.88888888888889,13.727272727272728,6,6,1,2
18,135.0,126.6,1,0,0,1,1,0,12.0,13.0,4,3,1,1
20,121.0,111.9,1,0,0,0,1,0,10.5,0.0,2,0,0,0
41,133.1,114.8,0,0,0,1,0,1,12.833333333333334,12.333333333333334,5,6,2,2
18,116.0,119.5,1,0,0,0,0,0,0.0,0.0,0,0,0,0
41,100.0,100.0,1,0,0,1,0,0,11.8,10.666666666666666,5,3,2,0
19,108.0,112.2,1,0,0,1,1,0,10.8,10.0,5,3,1,0
20,100.0,100.0,0,0,0,1,0,0,12.5,14.166666666666666,6,5,2,2
45,165.0,162.9,1,0,0,1,1,0,13.666666666666666,13.666666666666666,6,6,2,2
19,122.0,120.3,1,0,0,1,0,0,0.0,0.0,0,0,0,0
19,131.0,126.3,0,0,0,1,1,0,12.492857142857144,11.7125,7,8,2,2
19,135.0,121.8,0,0,0,1,0,1,13.181818181818182,12.909090909090908,11,11,2,2
47,120.0,155.5,0,0,0,1,1,0,13.8,14.0,5,4,0,2
20,120.0,113.0,1,0,0,1,0,1,11.714285714285714,12.625,6,6,2,2
26,133.1,144.9,1,0,0,1,0,0,11.75,12.8,3,4,1,2
45,120.0,168.2,0,0,0,1,1,0,14.0,14.166666666666666,5,5,2,2
27,133.1,111.8,1,0,0,1,0,0,0.0,0.0,0,0,0,0
20,123.0,113.3,1,0,0,1,0,0,11.95,11.95,4,4,0,2
20,125.0,132.4,0,0,0,1,1,0,11.75,13.4,4,5,2,2
24,141.0,130.2,0,0,0,1,1,0,13.466666666666669,13.642857142857142,15,14,2,2
18,160.0,144.3,1,0,0,1,0,0,13.0,13.666666666666666,4,5,2,2
19,131.0,127.2,1,0,0,1,0,1,13.801428571428572,14.575,7,8,2,2
20,130.0,130.0,0,0,0,1,1,0,13.0,12.6,1,3,1,1
19,133.1,106.0,1,0,0,1,0,0,12.75,11.0,2,2,0,0
23,130.0,130.0,1,0,0,1,0,0,0.0,0.0,0,0,0,0
25,130.0,145.0,0,0,0,1,0,0,12.125,13.3125,6,8,1,2
32,130.0,130.0,0,0,0,1,0,0,12.846153846153848,12.8,13,10,2,2
18,150.0,143.0,0,0,0,1,0,0,13.0,13.666666666666666,5,6,2,2
18,141.0,126.3,1,0,0,1,0,0,13.328571428571427,13.328571428571427,7,7,2,2
20,133.1,131.8,1,0,1,1,0,0,13.25,13.090909090909092,12,10,2,2
22,121.0,116.1,1,0,0,1,0,0,11.666666666666666,13.2,6,5,2,2
23,133.1,114.5,0,0,0,1,0,0,12.1,12.616666666666667,6,6,1,2
18,118.0,111.7,1,0,0,1,1,0,11.666666666666666,12.0,3,1,0,0
19,148.0,131.7,1,0,0,1,0,0,14.0,0.0,5,0,0,0
18,136.0,130.3,1,0,0,1,0,1,12.6,12.6,6,6,2,2
21,120.0,117.2,0,0,0,1,1,0,12.0,11.0,3,1,0,0
20,130.0,130.0,1,0,0,1,0,1,12.0,10.75,4,4,1,1
18,136.0,133.9,1,0,0,1,0,0,14.711111111111112,14.627777777777778,7,8,2,2
19,132.0,125.5,0,0,0,1,0,1,13.579999999999998,12.93625,6,8,2,2
37,140.0,140.0,0,0,0,0,0,0,0.0,0.0,0,0,0,0
18,138.0,133.5,1,0,0,1,0,0,12.666666666666666,13.666666666666666,6,6,2,2
33,140.0,115.5,0,0,0,0,1,0,11.0,0.0,1,0,0,0
18,128.0,124.2,1,0,0,1,0,0,13.0,13.142857142857142,5,6,0,2
18,135.0,126.3,1,0,1,1,0,1,12.65,12.445555555555554,7,8,2,2
22,115.0,117.1,1,0,1,1,0,0,13.8,13.0,5,5,2,2
20,147.0,135.6,1,0,0,1,0,0,16.714285714285715,15.333333333333334,6,6,2,2
18,140.0,131.1,1,0,0,1,0,0,13.19,14.23125,7,8,2,2
18,123.0,113.9,1,0,1,0,0,0,11.25,10.857142857142858,4,4,0,0
18,143.0,127.3,1,0,0,1,0,0,12.217142857142855,12.11875,7,7,2,2
40,133.1,120.0,0,0,1,0,1,0,0.0,0.0,0,0,0,0
32,130.0,130.0,0,0,0,0,1,0,14.75,15.0,4,2,0,0
19,141.0,131.7,1,0,0,1,0,1,13.605,12.33125,7,8,2,2
25,120.0,140.0,0,0,0,1,0,0,10.666666666666666,11.333333333333334,3,3,1,1
21,132.0,127.1,0,0,0,0,1,0,0.0,0.0,0,0,0,0
29,133.1,126.0,1,0,0,1,1,0,11.9,11.0,5,5,0,0
18,142.0,130.8,1,0,0,1,0,0,13.666666666666666,12.0,3,5,2,1
43,150.0,120.0,0,0,0,1,0,0,10.666666666666666,12.5,3,4,1,1
19,108.0,111.9,0,0,0,1,0,0,0.0,0.0,0,0,0,0
19,121.0,115.4,1,0,0,1,0,1,11.714285714285714,11.833333333333334,6,6,2,2
32,133.1,120.0,0,0,0,1,0,1,12.757142857142856,12.757142857142856,7,7,2,2
26,130.0,130.0,0,0,0,1,0,0,12.666666666666666,13.4,8,10,2,2
27,130.0,130.0,0,0,0,1,1,0,12.5,12.5,2,2,1,0
20,127.0,116.5,1,0,0,1,0,0,0.0,0.0,0,0,0,0
28,100.0,120.7,0,0,0,1,0,0,11.25,13.0,4,4,1,1
21,118.0,111.0,0,0,0,0,1,0,11.0,11.428571428571429,2,3,0,0
20,143.0,129.9,0,0,0,1,0,1,13.914285714285713,14.10625,7,8,2,2
20,129.0,137.8,1,0,0,1,0,1,16.13142857142857,15.52222222222222,7,8,2,2
21,127.0,100.0,0,0,0,1,0,0,11.75,13.666666666666666,4,3,1,1
24,120.0,128.2,0,0,1,1,1,0,10.714285714285714,12.555555555555555,7,9,1,0
19,141.0,132.5,1,0,0,0,0,0,0.0,0.0,0,0,0,0
20,133.1,105.0,1,0,0,1,0,0,13.285714285714286,13.8,6,5,2,2
28,130.0,130.0,0,0,0,1,0,0,12.428571428571429,11.909090909090908,14,11,0,2
19,123.0,124.4,1,0,0,1,0,0,15.666666666666666,14.5,6,6,2,2
31,133.1,100.0,0,0,0,1,1,0,0.0,0.0,0,0,0,0
19,135.0,122.1,0,1,1,0,1,0,11.5,11.0,4,5,0,0
18,124.0,118.1,1,0,0,0,0,0,13.0,11.8,3,5,0,0
43,110.0,140.0,0,0,1,0,1,0,10.0,12.25,2,4,0,0
27,120.0,152.4,0,0,0,1,1,0,15.2,14.166666666666666,5,5,2,2
21,124.0,124.7,1,0,0,1,1,0,11.0,12.75,3,4,0,1
19,124.0,118.1,1,0,1,0,0,0,12.2,11.75,5,4,0,0
19,137.0,125.0,1,0,0,1,0,0,14.616666666666667,14.616666666666667,6,6,2,2
24,160.0,160.0,0,0,0,1,0,0,11.666666666666666,11.833333333333334,3,6,0,2
35,130.0,150.0,0,0,0,1,0,0,14.0,13.1,6,6,2,2
18,134.0,129.8,1,0,0,1,0,0,11.0,0.0,2,0,0,0
24,127.0,115.8,0,0,0,1,0,0,12.0,0.0,1,0,0,0
21,130.0,120.0,0,0,0,1,0,0,12.8,12.666666666666666,5,3,1,2
19,142.0,131.9,1,0,0,1,0,0,13.642857142857142,14.3875,7,8,0,2
30,110.0,137.0,0,0,1,1,1,0,0.0,0.0,0,0,0,0
19,142.0,133.3,1,0,0,1,0,0,0.0,0.0,0,0,2,0
29,140.0,133.4,1,0,0,0,1,0,16.5,13.8,6,5,1,0
44,150.0,150.0,1,0,0,1,1,0,13.5,16.2,7,5,0,2
18,138.0,133.1,0,0,0,1,0,0,12.5,12.666666666666666,6,6,2,2
18,138.0,124.7,1,0,0,1,1,0,0.0,0.0,0,0,0,2
23,132.0,127.1,0,0,0,1,1,0,12.333333333333334,13.0,6,5,2,2
18,126.0,116.9,0,0,0,1,1,0,13.571428571428571,11.8,6,5,2,2
19,142.0,137.5,1,0,0,1,1,0,12.0,11.5,5,5,2,2
49,110.0,150.0,0,0,0,1,1,0,12.2,11.8,5,5,2,2
18,131.0,118.8,0,0,0,1,1,1,11.5,12.8,4,5,2,2
20,130.0,148.6,1,0,0,1,1,0,0.0,0.0,0,0,0,2
41,100.0,100.0,0,0,0,1,0,0,13.5,11.166666666666666,4,6,2,0
18,131.0,127.9,1,0,0,1,0,1,14.857142857142858,15.142857142857142,7,7,2,2
20,124.0,123.3,1,0,0,1,0,1,14.901428571428571,14.901428571428571,7,7,0,2
18,120.0,115.1,0,0,0,1,0,1,12.0,10.75,4,4,1,2
17,140.0,133.3,1,0,0,1,0,1,13.41625,13.41625,8,8,2,2
28,154.0,154.0,1,0,0,1,0,0,12.333333333333334,12.0,12,8,2,2
19,132.0,120.8,0,0,0,1,0,1,11.6,11.714285714285714,5,6,2,2
18,123.0,113.9,0,0,0,1,0,0,12.5,12.333333333333334,6,6,1,2
24,133.1,153.2,1,0,1,1,0,0,10.2,12.2,5,5,2,1
20,125.0,121.5,1,0,0,1,1,0,15.8,14.571428571428571,5,5,0,2
18,132.0,127.8,1,0,0,0,1,0,0.0,0.0,0,0,0,0
19,131.0,134.5,1,0,0,1,0,1,15.0,14.333333333333334,6,6,2,2
21,121.0,114.9,0,0,0,1,1,1,13.342857142857143,11.65,6,7,2,2
18,118.0,110.3,1,0,0,0,0,0,12.6,11.8,5,5,1,0
19,129.0,123.1,1,0,0,1,0,0,12.0,12.428571428571429,6,6,2,2
19,127.0,116.5,0,0,0,1,0,1,14.285714285714286,13.166666666666666,6,6,2,2
20,125.0,129.2,1,0,1,0,0,0,10.333333333333334,11.0,3,1,0,0
28,151.0,111.0,0,0,0,1,1,0,10.0,0.0,2,0,0,0
20,148.0,163.4,1,0,0,1,0,0,11.5,12.0,6,6,2,2
47,110.0,151.0,0,0,1,0,1,0,0.0,0.0,0,0,0,0
18,141.0,135.4,1,0,0,1,0,0,12.50625,13.2,7,5,1,2
25,140.0,130.0,0,0,0,1,1,0,0.0,0.0,0,0,0,0
26,110.0,112.8,0,0,0,1,0,1,0.0,0.0,0,0,1,0
31,160.0,160.0,0,0,0,1,0,1,10.5,10.5,4,4,1,1
50,120.0,150.0,0,0,0,0,0,0,10.25,11.25,6,4,0,0
20,117.0,109.3,1,0,0,1,0,0,12.5,13.0,4,2,1,1
38,133.1,126.3,0,0,0,0,1,0,0.0,0.0,0,0,0,0
23,150.0,150.0,1,0,0,1,0,0,14.428571428571429,13.428571428571429,5,6,2,2
24,133.1,128.2,0,0,0,1,0,0,12.0,12.555555555555555,9,9,2,2
50,133.1,113.5,0,0,0,1,0,1,13.25,11.714285714285714,8,7,2,2
18,163.0,150.8,1,0,0,1,1,0,10.5,10.5,4,2,1,0
18,152.0,146.1,1,0,0,1,0,0,13.5,0.0,4,0,0,0
45,121.0,114.4,1,0,0,1,0,0,14.0,13.857142857142858,12,7,1,2
19,143.0,126.8,0,0,0,1,1,0,14.535714285714286,14.535714285714286,7,7,2,2
19,125.0,121.5,0,0,0,1,0,0,11.666666666666666,11.0,5,4,2,1
36,120.0,120.0,0,0,0,1,0,0,13.0,13.75,4,4,0,2
37,140.0,140.0,0,0,0,1,1,0,12.0,10.5,1,2,0,0
19,137.0,130.4,1,0,0,1,1,0,0.0,0.0,0,0,2,0
19,125.0,118.0,1,0,0,1,1,0,10.8,11.0,4,3,0,1
18,133.0,121.8,0,0,0,1,1,1,12.93875,12.93875,8,8,2,2
19,147.0,138.5,1,0,0,1,0,0,14.34125,14.34125,8,8,2,2
19,126.0,119.0,1,0,0,1,0,1,12.142857142857142,13.375,7,8,0,2
20,170.0,170.0,0,0,0,1,0,0,15.692307692307692,15.555555555555555,11,9,2,2
41,100.0,107.5,0,0,0,1,0,0,0.0,0.0,0,0,0,0
19,134.0,121.2,0,0,0,1,0,0,13.47,13.32625,7,8,2,2
26,120.0,122.8,0,0,0,1,0,0,12.166666666666666,11.675,6,8,0,2
22,160.0,160.0,1,0,0,1,0,0,15.0,13.142857142857142,6,6,2,2
31,130.0,140.0,1,0,0,1,1,0,11.0,13.0,1,1,0,0
47,100.0,120.0,0,0,0,1,0,0,12.514285714285716,11.75,6,4,0,2
19,140.0,131.6,1,0,0,1,1,0,0.0,0.0,0,0,0,0
18,141.0,126.8,1,0,0,1,1,0,13.24875,13.24875,8,8,2,2
39,120.0,120.7,0,0,0,1,0,0,11.0,13.2,5,5,2,2
18,133.0,127.1,1,0,0,1,0,0,15.0,16.428571428571427,6,6,2,2
22,122.0,117.5,1,0,1,0,0,0,11.5,0.0,2,0,0,0
18,141.0,136.3,1,0,0,1,1,1,13.516666666666666,13.516666666666666,6,6,2,2
18,147.0,145.3,1,0,0,1,0,0,0.0,0.0,0,0,1,2
18,122.0,119.9,0,0,0,1,1,0,11.0,10.75,5,4,2,2
18,162.0,165.2,1,0,0,1,0,1,15.75,13.8,4,5,2,2
19,123.0,118.8,0,0,0,1,1,0,11.0,10.0,5,2,1,1
20,113.0,112.3,1,0,1,1,0,1,11.6,11.75,5,4,2,2
30,130.0,120.2,1,0,0,1,1,0,11.0,11.6,5,5,2,1
21,133.1,117.0,1,0,0,1,0,0,12.666666666666666,12.428571428571429,6,6,2,2
39,133.1,123.5,0,0,0,1,1,0,13.5,13.333333333333334,6,6,2,2
18,129.0,118.9,1,0,0,1,1,0,11.666666666666666,11.333333333333334,3,3,0,0
19,120.0,122.5,0,0,0,0,1,0,13.6,13.666666666666666,5,5,1,0
27,133.1,119.4,0,0,1,0,0,0,0.0,0.0,0,0,0,0
26,130.0,126.5,0,0,0,1,1,0,12.428571428571429,12.833333333333334,6,6,2,2
19,124.0,121.2,0,0,0,1,0,0,13.0,10.833333333333334,2,6,1,2
18,128.0,131.5,0,0,0,1,0,0,12.77125,12.77125,8,8,2,2
19,136.0,132.5,1,0,0,1,0,0,12.3,12.3,7,7,2,2
18,137.0,125.1,1,0,0,1,0,0,11.75,11.2,4,5,1,2
21,133.1,145.0,0,0,0,1,0,1,12.25,11.8,4,4,1,2
30,140.0,140.0,0,0,0,0,1,0,10.0,0.0,1,0,0,0
24,133.1,139.9,1,0,0,1,0,1,12.5,12.833333333333334,6,6,2,2
19,122.0,116.1,1,0,1,1,1,0,11.0,12.0,4,2,1,0
22,133.1,147.0,0,0,0,1,0,0,12.5,0.0,2,0,0,0
28,127.0,160.0,0,0,0,1,1,0,14.528571428571428,15.018181818181818,7,8,2,2
19,131.0,132.8,1,0,0,1,1,0,14.428571428571429,14.571428571428571,6,6,2,2
18,148.0,134.0,0,0,0,1,1,0,0.0,0.0,0,0,1,0
19,125.0,118.4,1,0,0,1,0,1,13.5,13.285714285714286,6,6,2,2
23,110.0,110.0,0,0,0,1,0,0,10.923076923076923,11.142857142857142,13,7,2,2
26,130.0,105.8,0,0,0,1,0,0,13.766666666666666,12.066666666666668,3,3,0,1
19,128.0,127.8,0,0,0,1,0,1,14.4125,16.05,7,8,2,2
27,170.0,170.0,0,0,0,1,0,0,0.0,0.0,0,0,0,0
28,133.1,114.8,0,0,0,1,0,0,10.75,10.0,1,1,0,0
35,120.0,105.9,0,0,0,1,0,0,11.816666666666668,11.333333333333334,3,3,1,0
32,120.0,120.0,0,0,0,1,0,0,12.692307692307692,12.384615384615383,13,13,2,2
22,148.0,131.0,1,0,0,1,0,1,14.575,14.575,20,20,2,2
18,170.0,155.0,0,0,0,1,1,1,15.5,14.166666666666666,6,6,2,2
18,116.0,111.1,1,0,0,1,0,1,11.333333333333334,11.833333333333334,6,6,2,2
34,140.0,130.0,0,0,0,1,0,0,0.0,0.0,0,0,1,0
19,113.0,107.4,1,0,0,1,0,1,12.166666666666666,12.166666666666666,6,6,2,2
20,128.0,100.0,1,0,0,1,0,0,13.1,14.8125,7,8,2,2
24,133.1,116.2,0,0,0,1,1,0,12.857142857142858,13.666666666666666,5,5,0,2
19,133.1,141.0,1,0,0,1,0,0,0.0,0.0,0,0,2,0
19,133.1,146.0,0,0,1,1,0,1,12.666666666666666,13.0,6,6,2,2
22,136.0,132.5,0,0,1,1,0,1,12.75,13.0,4,5,2,2
22,125.0,122.6,1,0,0,1,1,0,11.0,0.0,1,0,1,0
34,133.0,135.5,0,0,0,1,0,0,12.333333333333334,11.666666666666666,6,6,2,2
21,130.0,119.5,1,0,0,1,0,1,12.242857142857144,14.125,7,8,2,2
20,118.0,119.1,1,0,0,1,0,1,11.6,13.6,5,5,2,2
18,122.0,126.6,0,0,0,0,0,0,10.4,0.0,5,0,0,0
20,127.0,129.5,1,0,0,1,0,1,12.333333333333334,12.333333333333334,6,6,2,2
23,160.0,160.0,1,0,0,1,0,0,13.4,13.5,4,2,1,0
23,164.0,149.0,1,0,0,1,0,1,13.857142857142858,14.166666666666666,6,6,2,2
20,135.0,129.8,1,0,0,1,1,0,12.8,12.75,5,3,2,0
20,150.0,146.5,1,0,0,1,0,1,13.5,12.666666666666666,6,6,2,2
19,127.0,110.0,0,0,1,0,1,0,11.666666666666666,10.0,3,2,0,0
19,137.0,122.3,0,0,0,1,0,0,0.0,0.0,0,0,0,0
43,120.0,170.0,0,0,0,1,1,0,11.8,14.0,5,5,2,2
21,140.0,140.0,1,0,1,1,0,0,12.0,11.0,1,1,1,1
20,116.0,114.3,1,0,0,1,0,0,0.0,0.0,0,0,0,0
19,145.0,143.6,0,0,1,1,1,0,12.7,12.272727272727272,10,10,1,2
21,132.0,124.7,1,0,0,1,1,0,12.0,11.6,6,5,2,2
37,120.0,108.0,0,0,0,1,1,1,11.857142857142858,12.0,6,5,2,2
24,130.0,150.0,0,0,0,1,1,0,12.742857142857144,12.742857142857144,7,7,2,2
18,128.0,116.5,0,0,0,1,0,0,11.666666666666666,11.0,3,2,1,0
19,117.0,111.8,1,0,0,1,0,1,10.833333333333334,11.5,6,6,2,2
19,148.0,137.3,1,0,0,1,0,0,14.266666666666666,14.266666666666666,6,6,2,2
19,142.0,155.3,0,0,0,1,0,0,15.2,13.2,5,5,2,2
20,133.0,141.4,0,0,0,1,1,1,0.0,0.0,0,0,1,0
20,114.0,110.2,1,0,0,1,1,0,12.2,12.2,5,5,0,2
20,140.0,129.1,1,0,0,1,0,1,12.818181818181818,13.545454545454543,11,11,2,2
18,127.0,116.9,1,0,1,1,0,0,12.2,12.25,5,4,0,2
20,126.0,124.3,1,0,0,1,0,1,12.98125,12.98125,8,8,2,2
35,130.0,154.9,0,0,1,0,1,0,16.166666666666668,16.0,5,4,0,0
40,150.0,143.0,0,0,0,1,0,0,15.88888888888889,14.142857142857142,9,7,2,2
19,127.0,121.8,0,0,0,1,1,0,11.6,13.5,5,4,2,1
29,133.1,114.0,0,0,0,0,1,0,13.0,0.0,1,0,0,0
26,140.0,140.0,0,0,0,0,0,0,0.0,0.0,0,0,0,0
19,138.0,135.9,1,0,0,1,0,0,11.6,11.666666666666666,5,6,1,2
19,160.0,160.0,0,0,1,1,0,0,13.5,11.0,2,2,1,1
19,122.0,103.4,0,0,0,1,0,0,14.4,13.0,5,5,2,2
19,123.0,125.1,0,0,0,1,0,0,11.0,12.5,4,4,1,1
20,144.0,126.5,1,0,0,1,0,1,13.487142857142857,13.487142857142857,7,7,2,2
25,143.0,121.2,1,0,0,1,1,0,11.6,13.0,5,2,1,0
22,118.0,122.2,1,0,0,1,0,0,10.5,11.0,4,1,0,0
22,116.0,109.7,1,0,0,1,0,0,14.0,15.666666666666666,5,6,2,2
26,133.1,100.0,0,0,0,1,0,0,12.0,0.0,2,0,0,0
53,160.0,118.0,0,0,0,1,0,0,11.8,11.666666666666666,15,12,1,2
22,129.0,112.0,0,0,0,1,1,0,11.2,11.25,5,7,0,1
19,136.0,132.9,1,0,0,1,1,0,13.25,11.8,4,5,2,2
37,133.1,100.0,1,0,0,1,0,0,0.0,0.0,0,0,0,0
18,118.0,113.5,1,0,0,1,1,0,13.175714285714289,14.925,7,8,2,2
33,133.1,108.0,0,0,1,0,0,0,12.857142857142858,12.666666666666666,7,6,1,0
22,119.1,119.1,0,0,0,1,1,0,12.733333333333334,12.733333333333334,6,6,2,2
19,137.0,131.4,0,0,0,0,1,0,10.0,11.333333333333334,4,3,0,0
33,140.0,133.0,0,0,0,1,1,0,12.8,11.428571428571429,9,7,2,2
18,130.0,118.5,0,1,0,1,0,1,12.0,11.285714285714286,6,6,2,2
18,151.0,138.4,0,0,0,1,0,0,11.25,11.0,4,5,1,2
24,100.0,160.0,1,0,0,1,0,1,12.415,12.415,6,6,2,2
21,133.1,143.0,1,0,1,1,0,0,11.4,12.2,5,5,0,2
18,138.0,126.8,1,0,0,1,1,0,11.75,12.571428571428571,4,5,2,2
21,133.1,100.0,0,0,1,1,1,0,0.0,0.0,0,0,0,0
27,133.1,126.5,0,0,0,1,0,0,10.5,0.0,2,0,0,0
20,131.0,131.7,1,0,0,1,0,0,12.166666666666666,13.8,6,5,2,2
18,123.0,112.9,0,0,0,1,1,0,0.0,0.0,0,0,0,0
19,125.0,117.0,0,0,0,1,0,1,13.428571428571429,13.166666666666666,6,6,2,2
22,136.0,126.2,0,0,0,1,1,0,11.4,11.0,5,5,2,1
19,119.0,115.2,1,0,0,1,0,1,0.0,0.0,0,0,0,0
20,172.0,153.8,1,0,0,1,0,1,14.0,13.333333333333334,6,6,2,2
18,151.0,146.5,0,0,0,1,0,1,13.333333333333334,14.166666666666666,6,6,2,2
19,121.0,118.9,1,0,0,1,0,1,11.666666666666666,12.666666666666666,5,5,2,2
27,120.0,120.0,0,0,0,1,0,1,11.833333333333334,12.8,6,5,2,2
21,133.1,100.0,0,0,0,1,1,0,10.75,11.0,4,2,0,1
18,127.0,121.1,0,0,0,1,0,1,12.16,13.4,5,2,1,0
20,120.0,143.3,1,0,0,1,0,1,0.0,0.0,0,0,2,0
21,120.0,120.0,0,0,0,1,1,0,13.428571428571429,13.125,6,8,2,2
19,137.0,131.1,1,0,1,1,0,1,13.6,12.6,5,5,2,2
39,120.0,120.0,1,0,0,1,1,0,0.0,11.0,0,2,0,0
25,139.0,140.7,0,0,0,1,1,0,10.0,11.333333333333334,1,2,0,0
29,130.0,100.0,0,0,0,0,1,0,0.0,0.0,0,0,0,0
49,133.1,95.1,0,0,0,0,1,0,0.0,0.0,0,0,0,0
18,131.0,128.9,0,0,0,1,0,1,11.6,11.4,5,5,2,2
21,137.0,130.0,1,0,0,1,0,0,13.6,14.25,5,4,1,2
23,140.0,140.0,1,0,0,1,0,0,15.571428571428571,16.375,6,6,2,2
18,133.0,121.1,1,0,0,1,0,0,13.666666666666666,15.4,6,5,2,2
48,133.1,115.2,0,0,0,1,0,0,11.75,11.725,4,3,1,0
19,118.0,110.0,0,0,0,1,1,0,0.0,0.0,0,0,0,0
19,130.0,126.9,1,0,0,1,0,1,13.166666666666666,13.0,6,6,0,2
18,136.0,125.2,1,0,0,1,0,1,12.285714285714286,12.4,6,5,2,2
19,134.0,120.7,0,0,0,1,0,1,13.0,13.927272727272726,6,8,2,2
19,131.0,120.2,1,0,0,1,0,1,11.333333333333334,10.833333333333334,5,6,1,2
24,140.0,101.5,1,0,0,1,0,0,12.16,12.16,7,7,2,2
18,136.0,123.3,0,0,0,0,0,0,0.0,0.0,0,0,0,0
20,124.0,116.5,1,0,0,1,0,1,14.093333333333332,15.0,7,8,2,2
28,130.0,137.0,1,0,0,1,1,0,10.5,11.0,4,4,1,0
28,130.0,133.9,0,0,0,1,0,0,13.714285714285714,13.142857142857142,5,5,2,2
18,145.0,146.1,1,0,0,1,0,0,15.0,12.5,1,4,1,1
18,159.0,151.3,1,0,0,1,0,0,14.0,14.666666666666666,6,6,2,2
19,125.0,120.1,0,0,1,1,1,0,11.2,10.75,5,4,0,2
18,122.0,123.8,1,0,1,0,0,1,11.833333333333334,11.0,6,6,0,2
18,140.0,132.5,1,0,0,1,0,0,14.316666666666668,14.316666666666668,6,6,2,2
19,124.0,117.4,0,0,0,1,0,0,11.8,12.0,5,8,2,2
18,123.0,121.6,1,0,0,1,0,0,12.0,12.666666666666666,5,6,1,2
26,150.0,107.0,1,0,0,1,1,0,0.0,0.0,0,0,0,0
24,120.0,120.0,0,0,1,1,0,1,11.0,11.7,7,7,2,2
19,140.0,144.3,1,0,0,1,0,0,13.0,13.22222222222222,7,9,2,2
19,125.0,116.3,1,0,0,1,1,0,13.25,11.0,5,5,2,2
31,140.0,110.5,0,0,0,1,0,0,0.0,0.0,0,0,0,0
18,129.0,129.4,1,0,0,1,0,0,12.333333333333334,12.166666666666666,6,6,2,2
21,140.0,140.0,0,0,0,1,1,0,12.142857142857142,11.666666666666666,5,5,2,1
20,123.0,123.7,1,0,1,0,0,0,13.2,10.75,5,4,0,0
23,140.0,140.0,1,0,1,0,0,0,11.6,12.25,5,4,0,0
25,108.0,105.2,1,0,0,1,1,0,11.538461538461538,12.4,13,10,0,2
20,138.6,138.6,1,0,0,1,1,0,11.5,11.666666666666666,4,3,0,1
22,120.0,121.5,0,0,1,1,0,0,12.333333333333334,12.333333333333334,12,12,2,2
18,161.0,154.4,1,0,0,1,0,0,14.166666666666666,14.0,6,6,2,2
20,133.0,122.2,0,0,0,1,0,0,12.783333333333331,12.842857142857143,6,7,2,2
21,117.0,116.3,1,0,0,1,1,1,11.666666666666666,12.2,6,5,2,2
24,133.1,106.0,1,0,0,1,1,0,12.666666666666666,12.666666666666666,6,6,2,2
25,133.1,120.0,0,0,0,1,1,0,0.0,0.0,0,0,0,0
20,126.0,114.8,1,0,0,1,0,0,14.402857142857142,14.402857142857142,7,7,2,2
20,119.0,119.7,1,0,0,1,0,0,13.0,13.0,3,3,1,1
27,130.0,130.0,0,0,0,1,1,0,0.0,0.0,0,0,0,0
22,125.0,119.1,1,0,0,1,0,0,12.0,10.0,2,1,0,0
18,159.0,160.1,1,0,0,1,0,0,15.166666666666666,14.857142857142858,6,6,2,2
46,133.1,117.8,0,0,1,0,0,0,12.333333333333334,11.083333333333334,3,3,0,0
26,123.0,127.6,1,0,0,1,1,0,11.833333333333334,11.666666666666666,6,6,1,2
20,136.0,128.7,1,0,0,1,0,0,11.666666666666666,11.0,6,6,0,2
19,172.0,155.6,1,0,0,1,1,0,0.0,0.0,0,0,0,2
20,143.0,130.6,1,0,0,1,0,0,12.847142857142858,13.788888888888888,7,8,2,2
25,123.0,140.8,0,0,0,1,0,0,12.084285714285716,12.084285714285716,7,7,2,2
41,133.1,139.4,0,0,1,1,0,0,11.6,12.2,5,5,1,2
19,128.0,127.0,0,0,0,1,0,0,12.0,12.75,6,4,1,1
18,146.0,128.2,0,0,1,1,0,0,13.25,10.666666666666666,4,3,1,0
19,145.0,132.0,1,0,0,1,0,0,12.5,10.0,4,4,2,1
18,133.0,126.7,1,0,0,1,0,0,11.833333333333334,12.0,5,4,1,1
37,120.0,138.1,0,0,0,1,1,1,13.0,13.333333333333334,5,4,0,2
18,159.0,151.0,1,0,0,1,0,0,14.833333333333334,15.333333333333334,6,6,2,2
20,135.0,122.8,1,0,0,1,1,1,11.0,11.333333333333334,3,2,1,0
31,133.1,123.0,0,0,0,1,0,0,11.833333333333334,12.228571428571428,6,7,2,2
20,110.0,110.0,1,0,0,1,0,0,12.75,11.333333333333334,4,3,1,0
19,124.0,113.9,1,0,0,1,0,1,12.666666666666666,12.0,6,6,2,2
20,136.0,133.9,1,0,0,0,1,0,13.0,12.0,4,3,0,0
19,129.0,119.0,1,0,0,1,0,1,12.342857142857143,12.342857142857143,7,7,2,2
18,146.0,130.3,1,0,0,1,1,0,13.74625,13.74625,8,8,2,2
55,130.0,119.0,1,0,0,0,1,0,0.0,0.0,0,0,0,0
25,162.0,132.0,0,0,1,1,1,0,11.0,12.0,4,4,1,1
22,135.0,123.5,1,0,0,1,1,0,0.0,0.0,0,0,0,0
21,133.1,106.0,1,0,0,1,1,0,12.375,12.583333333333334,7,5,2,2
26,110.0,108.3,0,0,0,0,0,0,11.25,11.0,4,3,0,0
39,140.0,146.5,0,0,0,1,1,0,17.333333333333332,17.0,3,1,0,0
19,131.0,126.1,1,0,0,1,0,1,12.495714285714286,12.242857142857144,7,7,0,2
19,129.0,132.9,1,0,0,1,0,0,11.666666666666666,10.8,3,4,0,1
19,134.0,133.5,1,0,0,1,0,0,14.05,15.1,7,8,2,2
47,120.0,148.3,0,0,0,1,1,0,14.727272727272728,15.77777777777778,11,9,2,2
19,123.0,117.8,0,0,0,1,1,0,12.75,13.0,4,2,1,1
20,135.0,125.8,0,0,0,1,0,1,10.642857142857142,11.55,7,8,2,2
20,132.0,129.9,1,0,0,1,1,0,12.714285714285714,13.0,6,4,1,2
26,140.0,131.2,0,0,0,1,1,1,0.0,0.0,0,0,0,0
46,140.0,104.8,0,0,0,1,0,0,12.210526315789474,11.384615384615383,19,13,2,2
18,117.0,109.3,1,0,0,1,0,1,13.117142857142856,12.6,7,7,2,2
18,143.0,129.7,1,0,0,1,0,0,0.0,0.0,0,0,2,0
44,133.1,103.5,0,0,0,0,0,0,0.0,0.0,0,0,0,0
22,134.0,132.7,1,0,0,1,1,0,14.0,13.0,13,12,2,2
20,128.0,116.5,1,0,0,1,0,0,11.6,12.333333333333334,4,3,2,1
32,120.0,120.0,1,0,1,1,0,0,11.5,11.0,4,3,0,0
19,134.0,133.3,1,0,1,1,0,0,11.5,11.0,2,1,0,1
28,120.0,120.0,0,0,1,0,0,0,0.0,0.0,0,0,0,0
19,130.0,130.0,1,0,0,0,0,0,13.0,11.666666666666666,5,3,1,0
21,124.0,116.0,1,0,0,1,0,1,13.957142857142856,13.957142857142856,7,7,2,2
18,172.0,163.3,1,0,0,1,0,1,14.5,13.0,6,4,2,2
20,113.0,112.3,0,0,0,1,0,0,12.375,13.142857142857142,6,6,2,2
19,136.0,136.4,0,0,0,1,0,1,12.8375,15.5,7,8,2,2
21,116.0,111.1,0,0,0,1,1,0,0.0,0.0,0,0,0,0
40,120.0,145.4,0,0,1,1,1,0,10.666666666666666,12.5,3,2,0,0
18,153.0,146.7,0,0,0,1,0,0,16.2,16.4,5,5,2,2
25,130.0,130.0,0,0,0,1,1,0,0.0,0.0,0,0,0,0
18,138.0,133.0,1,0,0,1,0,0,0.0,0.0,0,0,1,0
19,126.0,118.8,1,0,0,1,0,1,12.785714285714286,12.785714285714286,7,7,2,2
18,146.0,100.0,0,0,0,1,1,0,12.25,11.666666666666666,4,3,1,1
18,125.0,122.6,1,1,0,1,0,0,11.833333333333334,11.5,5,2,1,1
18,140.0,137.6,1,0,0,1,0,0,11.666666666666666,12.333333333333334,6,6,0,2
20,180.0,180.0,0,0,0,1,1,1,14.142857142857142,14.125,6,6,1,2
31,120.0,148.5,0,0,0,1,0,1,14.0,12.333333333333334,6,6,2,2
18,165.0,152.4,1,0,0,1,0,1,15.5,14.285714285714286,6,6,2,2
20,141.0,127.0,0,0,0,1,0,0,12.4,12.4,5,5,2,2
19,141.0,124.9,1,0,0,1,0,0,12.0,11.0,6,4,2,1
30,180.0,180.0,0,0,1,1,1,0,14.5,16.2,4,3,1,0
37,133.1,100.0,1,0,0,0,0,0,0.0,0.0,0,0,0,0
22,116.0,128.2,0,0,0,1,0,0,10.36842105263158,11.5,17,17,2,2
18,141.0,128.4,1,0,1,0,0,0,13.0,11.4,5,5,0,0
19,132.0,132.0,1,0,0,1,0,0,0.0,0.0,0,0,0,0
18,134.0,128.8,0,0,0,1,0,0,13.375,14.166666666666666,5,5,2,2
34,110.0,127.1,0,0,0,1,0,0,11.0,10.75,4,4,1,1
19,136.0,126.0,1,0,0,1,0,0,15.11,15.11,7,7,2,2
20,148.0,129.8,0,0,0,1,0,0,10.6,10.4,5,4,1,2
19,159.0,162.5,1,0,0,1,1,0,0.0,0.0,0,0,0,2
31,143.0,140.0,0,0,1,0,0,0,12.666666666666666,12.6,6,5,0,0
19,128.0,124.5,1,0,0,1,1,0,10.666666666666666,14.0,3,2,1,0
44,133.1,130.0,0,0,0,1,0,0,12.0,0.0,1,0,0,0
21,150.0,150.0,1,0,0,1,1,0,13.625,12.6,5,5,2,2
31,133.1,110.0,0,0,0,0,0,0,11.4,11.0,5,3,0,0
20,127.0,117.9,0,0,0,1,0,1,12.9,12.363636363636363,9,10,2,2
22,140.0,140.0,1,0,0,1,0,0,12.25,13.285714285714286,4,5,2,2
28,110.0,117.2,1,0,0,1,1,0,12.5,11.428571428571429,18,12,2,2
